height,era,current_compact_size,estimated_with_transparent,delta_bytes,delta_percent,tx_count,transparent_inputs,transparent_outputs
419962,sapling,83,229,146,175.9036144578313,1,1,2
420300,sapling,83,1401,1318,1587.9518072289156,2,1,37
422151,sapling,83,920,837,1008.433734939759,7,8,14
423983,sapling,83,5450,5367,6466.265060240964,12,116,18
425817,sapling,83,20419,20336,24501.20481927711,27,270,280
427249,sapling,83,10380,10297,12406.024096385541,6,77,214
427552,sapling,83,1200,1117,1345.7831325301206,10,10,20
428734,sapling,83,336,253,304.81927710843377,2,2,4
430984,sapling,83,337,254,306.0240963855422,2,2,4
432911,sapling,83,338,255,307.2289156626506,2,2,4
433109,sapling,246,23584,23338,9486.9918699187,16,517,66
434842,sapling,83,9702,9619,11589.156626506023,11,64,211
437840,sapling,83,1077,994,1197.5903614457832,6,12,14
439782,sapling,83,454,371,446.98795180722885,3,4,5
440999,sapling,83,337,254,306.0240963855422,2,2,4
441931,sapling,83,229,146,175.9036144578313,1,1,2
443732,sapling,83,374,291,350.6024096385542,2,2,5
445181,sapling,83,3329,3246,3910.843373493976,6,71,10
445600,sapling,246,7227,6981,2837.8048780487807,6,165,6
446646,sapling,83,229,146,175.9036144578313,1,1,2
449971,sapling,83,654,571,687.9518072289156,3,9,5
450136,sapling,608,2321,1713,281.7434210526316,12,27,17
450471,sapling,83,417,334,402.4096385542169,2,4,4
450542,sapling,970,5086,4116,424.3298969072165,25,61,48
451989,sapling,682,2058,1376,201.75953079178885,14,18,18
452222,sapling,83,305,222,267.4698795180723,2,2,3
452436,sapling,246,761,515,209.34959349593493,5,5,8
452894,sapling,83,229,146,175.9036144578313,1,1,2
453833,sapling,409,1891,1482,362.3471882640587,13,18,21
454540,sapling,83,6426,6343,7642.168674698796,3,4,185
455114,sapling,83,229,146,175.9036144578313,1,1,2
455343,sapling,246,4211,3965,1611.7886178861788,15,79,22
456793,sapling,246,432,186,75.60975609756098,2,2,2
457683,sapling,83,7068,6985,8415.66265060241,6,165,8
458295,sapling,83,667,584,703.6144578313252,4,6,9
458722,sapling,83,5907,5824,7016.8674698795185,4,137,8
459685,sapling,483,1689,1206,249.68944099378882,13,14,18
459713,sapling,83,18141,18058,21756.626506024095,15,218,274
462536,sapling,83,1248,1165,1403.6144578313254,3,23,6
462744,sapling,157,6922,6765,4308.91719745223,10,12,188
463117,sapling,83,229,146,175.9036144578313,1,1,2
465039,sapling,608,1421,813,133.7171052631579,6,15,5
465121,sapling,83,264,181,218.0722891566265,2,1,3
466838,sapling,157,1669,1512,963.0573248407643,6,30,8
466908,sapling,83,229,146,175.9036144578313,1,1,2
467128,sapling,246,2034,1788,726.829268292683,12,19,29
470464,sapling,83,2739,2656,3200.0,4,59,7
470949,sapling,83,8697,8614,10378.313253012047,11,15,240
471792,sapling,84,230,146,173.80952380952382,1,1,2
472885,sapling,247,1030,783,317.00404858299595,5,11,9
474253,sapling,84,230,146,173.80952380952382,1,1,2
476542,sapling,558,9733,9175,1644.2652329749105,8,7,266
476797,sapling,84,340,256,304.76190476190476,2,2,4
476997,sapling,84,7990,7906,9411.904761904761,9,41,187
477189,sapling,84,230,146,173.80952380952382,1,1,2
477504,sapling,84,767,683,813.0952380952382,3,11,6
479318,sapling,84,578,494,588.0952380952382,2,8,4
479334,sapling,84,310,226,269.0476190476191,2,3,2
479595,sapling,446,9493,9047,2028.47533632287,8,216,9
480339,sapling,357,5076,4719,1321.8487394957983,19,74,49
481185,sapling,158,5524,5366,3396.2025316455693,8,7,152
481853,sapling,84,1503,1419,1689.2857142857142,9,9,30
485137,sapling,84,708,624,742.8571428571429,4,7,9
486218,sapling,84,230,146,173.80952380952382,1,1,2
486797,sapling,321,651,330,102.803738317757,4,3,5
488592,sapling,321,14551,14230,4433.021806853583,12,110,293
489675,sapling,84,340,256,304.76190476190476,2,2,4
489982,sapling,84,230,146,173.80952380952382,1,1,2
493626,sapling,84,573,489,582.1428571428571,3,7,5
494251,sapling,84,503,419,498.8095238095238,2,2,9
494803,sapling,84,744,660,785.7142857142857,5,7,10
495178,sapling,84,379,295,351.1904761904762,2,3,4
496245,sapling,84,340,256,304.76190476190476,2,2,4
499492,sapling,84,1889,1805,2148.809523809524,8,33,13
500720,sapling,84,339,255,303.57142857142856,2,2,4
501476,sapling,757,110159,109402,14452.047556142668,19,42,3259
502218,sapling,84,8131,8047,9579.761904761905,2,2,239
507531,sapling,84,230,146,173.80952380952382,1,1,2
508212,sapling,410,9015,8605,2098.7804878048782,27,169,49
508968,sapling,357,4172,3815,1068.627450980392,10,79,16
509019,sapling,84,230,146,173.80952380952382,1,1,2
509343,sapling,84,425,341,405.9523809523809,2,5,3
510641,sapling,84,775,691,822.6190476190476,6,6,12
510768,sapling,84,230,146,173.80952380952382,1,1,2
511041,sapling,84,1595,1511,1798.8095238095236,11,18,22
511499,sapling,84,591,507,603.5714285714286,3,4,9
512394,sapling,84,2678,2594,3088.095238095238,6,54,11
513361,sapling,84,484,400,476.1904761904762,3,4,6
514343,sapling,84,230,146,173.80952380952382,1,1,2
515000,sapling,84,230,146,173.80952380952382,1,1,2
516292,sapling,446,1582,1136,254.7085201793722,11,13,17
516465,sapling,84,230,146,173.80952380952382,1,1,2
518144,sapling,84,338,254,302.38095238095235,2,2,4
518582,sapling,84,230,146,173.80952380952382,1,1,2
519584,sapling,84,397,313,372.61904761904765,2,1,7
520573,sapling,570,15625,15055,2641.228070175439,30,195,213
524105,sapling,84,484,400,476.1904761904762,3,4,6
524107,sapling,84,446,362,430.9523809523809,3,3,6
525294,sapling,84,7429,7345,8744.047619047618,8,10,208
527045,sapling,84,1370,1286,1530.952380952381,11,15,19
527566,sapling,84,230,146,173.80952380952382,1,1,2
527872,sapling,84,12843,12759,15189.285714285714,23,275,45
528239,sapling,247,1154,907,367.20647773279353,5,15,8
530175,sapling,247,578,331,134.0080971659919,4,3,5
531241,sapling,247,1963,1716,694.7368421052632,11,19,27
531318,sapling,84,1301,1217,1448.8095238095236,10,14,18
531572,sapling,321,1198,877,273.20872274143306,8,9,14
533076,sapling,84,15869,15785,18791.666666666664,14,43,421
533482,sapling,84,2644,2560,3047.6190476190473,15,40,27
533528,sapling,84,1680,1596,1900.0,5,27,14
534387,sapling,84,15423,15339,18260.714285714286,10,79,365
535867,sapling,283,2398,2115,747.3498233215547,13,33,22
536358,sapling,283,12597,12314,4351.236749116608,41,46,312
537801,sapling,84,1036,952,1133.3333333333335,5,5,21
537841,sapling,84,2326,2242,2669.047619047619,12,27,33
540423,sapling,247,2841,2594,1050.2024291497976,11,46,21
540900,sapling,84,230,146,173.80952380952382,1,1,2
540911,sapling,321,13330,13009,4052.6479750778817,12,13,374
541800,sapling,84,564,480,571.4285714285714,3,6,6
542625,sapling,321,14643,14322,4461.682242990654,18,208,174
543201,sapling,84,230,146,173.80952380952382,1,1,2
544432,sapling,84,813,729,867.8571428571429,5,8,11
545975,sapling,84,230,146,173.80952380952382,1,1,2
546414,sapling,84,230,146,173.80952380952382,1,1,2
547131,sapling,84,261,177,210.71428571428572,1,1,3
548738,sapling,84,705,621,739.2857142857143,6,6,10
549154,sapling,247,2413,2166,876.923076923077,9,38,17
549805,sapling,84,230,146,173.80952380952382,1,1,2
552302,sapling,158,1611,1453,919.620253164557,6,26,11
552422,sapling,84,230,146,173.80952380952382,1,1,2
553338,sapling,84,554,470,559.5238095238095,4,4,8
553478,sapling,247,849,602,243.72469635627533,4,9,6
553961,sapling,247,6714,6467,2618.2186234817814,6,8,184
554264,sapling,247,7712,7465,3022.2672064777325,17,163,24
554456,sapling,247,913,666,269.6356275303644,6,8,9
555757,sapling,84,2907,2823,3360.7142857142853,8,57,15
556544,sapling,84,1103,1019,1213.095238095238,6,15,11
557121,sapling,446,3415,2969,665.695067264574,15,51,26
557215,sapling,482,12590,12108,2512.033195020747,18,74,274
559572,sapling,619,3032,2413,389.82229402261714,11,28,37
559731,sapling,84,230,146,173.80952380952382,1,1,2
561263,sapling,84,1479,1395,1660.7142857142858,6,27,8
561573,sapling,84,11419,11335,13494.04761904762,14,154,152
562023,sapling,906,3703,2797,308.71964679911696,13,50,22
562942,sapling,1452,10181,8729,601.1707988980717,16,30,225
563924,sapling,84,230,146,173.80952380952382,1,1,2
566226,sapling,84,774,690,821.4285714285713,3,12,5
566717,sapling,84,6857,6773,8063.095238095238,6,6,195
567917,sapling,84,1332,1248,1485.7142857142858,7,9,25
568387,sapling,84,4976,4892,5823.809523809524,10,103,21
568472,sapling,84,230,146,173.80952380952382,1,1,2
570529,sapling,84,605,521,620.2380952380953,3,7,6
570727,sapling,84,905,821,977.3809523809524,2,17,3
571043,sapling,84,230,146,173.80952380952382,1,1,2
571300,sapling,84,1215,1131,1346.4285714285713,7,14,16
572638,sapling,247,7053,6806,2755.4655870445345,8,22,177
574410,sapling,84,230,146,173.80952380952382,1,1,2
574507,sapling,84,230,146,173.80952380952382,1,1,2
574782,sapling,719,7477,6758,939.9165507649514,14,148,22
579247,sapling,283,2433,2150,759.7173144876325,11,37,19
579383,sapling,84,11929,11845,14101.190476190475,4,6,348
579660,sapling,84,1173,1089,1296.4285714285713,5,14,15
581295,sapling,319,729,410,128.52664576802508,3,5,5
585640,sapling,84,30095,30011,35727.380952380954,8,718,21
586408,sapling,158,958,800,506.32911392405066,6,10,11
587276,sapling,84,520,436,519.047619047619,3,5,6
587574,sapling,608,2628,2020,332.2368421052631,8,9,48
588578,sapling,84,499,415,494.0476190476191,2,6,4
590543,sapling,84,230,146,173.80952380952382,1,1,2
591448,sapling,319,3588,3269,1024.7648902821315,18,54,32
592052,sapling,84,13700,13616,16209.523809523811,34,100,291
592056,sapling,84,230,146,173.80952380952382,1,1,2
592840,sapling,84,230,146,173.80952380952382,1,1,2
593240,sapling,443,1846,1403,316.70428893905193,5,28,7
596573,sapling,84,230,146,173.80952380952382,1,1,2
597699,sapling,84,230,146,173.80952380952382,1,1,2
597776,sapling,84,447,363,432.1428571428571,3,3,6
598087,sapling,84,230,146,173.80952380952382,1,1,2
598254,sapling,84,357394,357310,425369.04761904763,3,8744,22
599419,sapling,247,910,663,268.42105263157896,6,8,9
600822,sapling,391,572,181,46.29156010230179,2,1,3
602477,sapling,84,4498,4414,5254.7619047619055,3,3,128
602657,sapling,283,3047,2764,976.678445229682,19,36,38
603511,sapling,247,1737,1490,603.2388663967612,4,31,6
604956,sapling,84,230,146,173.80952380952382,1,1,2
605305,sapling,84,230,146,173.80952380952382,1,1,2
605403,sapling,84,889,805,958.3333333333334,6,9,12
606533,sapling,84,815,731,870.2380952380953,6,9,10
607227,sapling,606,1438,832,137.2937293729373,5,13,8
608765,sapling,84,2656,2572,3061.904761904762,7,53,12
609265,sapling,84,937,853,1015.4761904761905,5,10,12
609512,sapling,84,230,146,173.80952380952382,1,1,2
610579,sapling,84,465,381,453.57142857142856,2,6,3
610611,sapling,84,1206,1122,1335.7142857142858,4,21,7
611023,sapling,84,4288,4204,5004.7619047619055,12,84,22
611866,sapling,84,230,146,173.80952380952382,1,1,2
613605,sapling,84,3467,3383,4027.3809523809527,17,27,66
616368,sapling,84,230,146,173.80952380952382,1,1,2
616904,sapling,84,339,255,303.57142857142856,2,2,4
617374,sapling,84,230,146,173.80952380952382,1,1,2
617453,sapling,84,919,835,994.047619047619,4,14,7
618017,sapling,84,556,472,561.9047619047618,4,4,8
618264,sapling,84,339,255,303.57142857142856,2,2,4
618743,sapling,4070,9722,5652,138.86977886977888,50,97,49
620066,sapling,321,3543,3222,1003.7383177570094,7,36,51
622047,sapling,84,8841,8757,10425.0,4,4,258
622307,sapling,84,230,146,173.80952380952382,1,1,2
622759,sapling,158,27941,27783,17584.177215189873,17,651,41
622964,sapling,84,775,691,822.6190476190476,3,12,5
623161,sapling,84,230,146,173.80952380952382,1,1,2
624370,sapling,247,1388,1141,461.9433198380567,5,23,5
624500,sapling,84,1206,1122,1335.7142857142858,7,16,13
626133,sapling,84,902,818,973.8095238095237,3,16,4
626370,sapling,84,3777,3693,4396.428571428572,7,79,14
626459,sapling,283,31861,31578,11158.303886925794,24,742,39
626711,sapling,84,1509,1425,1696.4285714285716,12,14,24
626839,sapling,84,230,146,173.80952380952382,1,1,2
627460,sapling,84,574,490,583.3333333333333,3,7,5
627641,sapling,84,1345,1261,1501.1904761904764,12,15,18
628482,sapling,319,5236,4917,1541.3793103448277,12,86,40
628582,sapling,481,914,433,90.02079002079002,6,3,8
628814,sapling,84,881,797,948.8095238095237,5,13,7
634197,sapling,84,337,253,301.1904761904762,2,2,4
635309,sapling,357,980,623,174.50980392156862,6,7,9
635834,sapling,84,600,516,614.2857142857143,4,6,7
636134,sapling,84,230,146,173.80952380952382,1,1,2
637175,sapling,84,633,549,653.5714285714286,4,6,8
637486,sapling,736,3122,2386,324.1847826086956,18,35,28
637694,sapling,84,377,293,348.8095238095238,2,3,4
637879,sapling,283,539,256,90.45936395759718,3,2,4
639596,sapling,84,1033,949,1129.7619047619048,8,11,14
640312,sapling,84,368,284,338.0952380952381,2,2,5
640662,sapling,247,1539,1292,523.0769230769231,6,16,18
642331,sapling,247,7637,7390,2991.902834008097,4,4,217
642363,sapling,84,230,146,173.80952380952382,1,1,2
642750,sapling,84,230,146,173.80952380952382,1,1,2
643364,sapling,84,619,535,636.9047619047618,2,9,4
644103,sapling,84,230,146,173.80952380952382,1,1,2
644576,sapling,84,230,146,173.80952380952382,1,1,2
645870,sapling,84,230,146,173.80952380952382,1,1,2
646260,sapling,84,230,146,173.80952380952382,1,1,2
646338,sapling,484,4258,3774,779.7520661157025,15,40,63
647334,sapling,84,700,616,733.3333333333333,2,11,4
648658,sapling,247,5921,5674,2297.165991902834,5,135,6
649239,sapling,407,1544,1137,279.3611793611793,10,13,17
650258,sapling,84,337,253,301.1904761904762,2,2,4
650471,sapling,484,6781,6297,1301.0330578512396,12,21,162
651070,sapling,84,779,695,827.3809523809524,5,7,11
651275,sapling,84,377,293,348.8095238095238,2,3,4
653254,sapling,84,230,146,173.80952380952382,1,1,2
654413,blossom,84,3867,3783,4503.571428571428,3,4,108
654774,blossom,158,446,288,182.27848101265823,3,2,5
656750,blossom,84,420,336,400.0,3,4,4
658705,blossom,84,2596,2512,2990.4761904761904,2,2,72
660663,blossom,84,6732,6648,7914.285714285714,4,84,96
662192,blossom,520,1717,1197,230.19230769230768,11,17,14
662515,blossom,84,230,146,173.80952380952382,1,1,2
663777,blossom,84,306,222,264.2857142857143,2,2,3
666178,blossom,84,532,448,533.3333333333333,3,6,5
668235,blossom,84,538,454,540.4761904761905,2,7,4
668447,blossom,84,447,363,432.1428571428571,3,3,6
670296,blossom,84,230,146,173.80952380952382,1,1,2
673497,blossom,355,536,181,50.985915492957744,2,1,3
675570,blossom,247,433,186,75.30364372469636,2,2,2
676868,blossom,84,230,146,173.80952380952382,1,1,2
677863,blossom,247,433,186,75.30364372469636,2,2,2
679786,blossom,247,593,346,140.08097165991902,2,6,2
681332,blossom,84,230,146,173.80952380952382,1,1,2
681780,blossom,84,1210,1126,1340.4761904761906,3,22,6
682896,blossom,84,1158,1074,1278.5714285714287,7,14,14
686445,blossom,84,336,252,300.0,2,2,4
686621,blossom,84,482,398,473.8095238095238,3,3,7
686979,blossom,84,230,146,173.80952380952382,1,1,2
687055,blossom,84,42337,42253,50301.19047619047,17,46,1196
688599,blossom,371,664,293,78.97574123989219,3,3,4
688848,blossom,84,230,146,173.80952380952382,1,1,2
689076,blossom,158,1326,1168,739.2405063291139,8,18,12
689565,blossom,84,230,146,173.80952380952382,1,1,2
690567,blossom,84,230,146,173.80952380952382,1,1,2
691322,blossom,84,340,256,304.76190476190476,2,2,4
691935,blossom,84,304,220,261.9047619047619,2,2,3
692180,blossom,84,2929,2845,3386.904761904762,7,9,73
693727,blossom,84,419,335,398.8095238095238,2,4,4
694677,blossom,84,338,254,302.38095238095235,2,2,4
695331,blossom,158,555,397,251.26582278481013,4,3,7
695786,blossom,84,230,146,173.80952380952382,1,1,2
696814,blossom,158,4012,3854,2439.240506329114,6,84,12
696844,blossom,84,230,146,173.80952380952382,1,1,2
699857,blossom,84,230,146,173.80952380952382,1,1,2
700080,blossom,84,230,146,173.80952380952382,1,1,2
700478,blossom,84,1542,1458,1735.7142857142858,5,27,10
702528,blossom,247,433,186,75.30364372469636,2,2,2
702617,blossom,84,230,146,173.80952380952382,1,1,2
704449,blossom,247,3502,3255,1317.8137651821862,3,77,4
704524,blossom,158,1143,985,623.4177215189874,6,15,10
704759,blossom,158,1469,1311,829.7468354430381,10,19,15
708320,blossom,84,340,256,304.76190476190476,2,2,4
708837,blossom,84,230,146,173.80952380952382,1,1,2
709737,blossom,84,230,146,173.80952380952382,1,1,2
710903,blossom,84,452,368,438.09523809523813,3,4,5
712364,blossom,247,8180,7933,3211.740890688259,13,55,170
714807,blossom,846,3033,2187,258.51063829787233,10,13,48
715079,blossom,84,230,146,173.80952380952382,1,1,2
715293,blossom,158,339,181,114.55696202531647,2,1,3
715498,blossom,84,230,146,173.80952380952382,1,1,2
715834,blossom,84,230,146,173.80952380952382,1,1,2
717770,blossom,84,230,146,173.80952380952382,1,1,2
717787,blossom,84,230,146,173.80952380952382,1,1,2
718066,blossom,158,7958,7800,4936.708860759493,6,183,11
718860,blossom,84,334,250,297.61904761904765,2,2,4
719764,blossom,158,863,705,446.2025316455696,5,9,9
720477,blossom,84,336,252,300.0,2,2,4
723981,blossom,84,230,146,173.80952380952382,1,1,2
725136,blossom,84,614,530,630.952380952381,2,9,4
725753,blossom,283,715,432,152.65017667844523,4,4,7
727670,blossom,84,230,146,173.80952380952382,1,1,2
728825,blossom,84,1120,1036,1233.3333333333335,3,21,4
729154,blossom,158,339,181,114.55696202531647,2,1,3
733043,blossom,84,230,146,173.80952380952382,1,1,2
733710,blossom,407,553,146,35.872235872235876,2,1,2
734299,blossom,84,4473,4389,5225.0,4,5,124
734700,blossom,84,230,146,173.80952380952382,1,1,2
735838,blossom,84,230,146,173.80952380952382,1,1,2
739304,blossom,321,6500,6179,1924.922118380062,6,67,104
740615,blossom,158,20260,20102,12722.784810126583,9,39,559
741422,blossom,84,3728,3644,4338.095238095238,2,2,106
742214,blossom,84,844,760,904.7619047619047,7,7,13
747885,blossom,84,337,253,301.1904761904762,2,2,4
748612,blossom,84,230,146,173.80952380952382,1,1,2
749419,blossom,84,5414,5330,6345.2380952380945,14,114,19
749473,blossom,84,1758,1674,1992.8571428571427,11,23,21
749819,blossom,807,1276,469,58.116480793060724,5,4,8
751204,blossom,84,230,146,173.80952380952382,1,1,2
751340,blossom,84,230,146,173.80952380952382,1,1,2
751631,blossom,84,876,792,942.8571428571429,5,7,14
752120,blossom,407,662,255,62.65356265356266,3,2,4
753075,blossom,84,338,254,302.38095238095235,2,2,4
754108,blossom,84,230,146,173.80952380952382,1,1,2
755156,blossom,84,549,465,553.5714285714286,4,4,8
755857,blossom,84,230,146,173.80952380952382,1,1,2
757237,blossom,84,374,290,345.23809523809524,2,2,5
757422,blossom,158,839,681,431.0126582278481,4,10,7
759214,blossom,84,230,146,173.80952380952382,1,1,2
759681,blossom,319,644,325,101.88087774294672,3,2,6
760751,blossom,84,339,255,303.57142857142856,2,2,4
761806,blossom,395,908,513,129.873417721519,6,5,8
765576,blossom,84,448,364,433.3333333333333,3,3,6
765579,blossom,84,338,254,302.38095238095235,2,2,4
766846,blossom,84,230,146,173.80952380952382,1,1,2
768715,blossom,84,669,585,696.4285714285714,5,6,9
769271,blossom,158,446,288,182.27848101265823,3,2,5
769597,blossom,484,8174,7690,1588.8429752066118,11,181,12
769989,blossom,84,861,777,925.0,4,4,17
772056,blossom,84,3444,3360,4000.0,8,17,79
773193,blossom,810,4340,3530,435.8024691358024,12,8,95
773276,blossom,84,230,146,173.80952380952382,1,1,2
773546,blossom,84,525,441,525.0,3,5,6
775151,blossom,357,1771,1414,396.07843137254906,11,18,19
775585,blossom,84,412,328,390.4761904761905,3,3,5
775634,blossom,84,305,221,263.0952380952381,2,2,3
776551,blossom,84,230,146,173.80952380952382,1,1,2
778131,blossom,84,230,146,173.80952380952382,1,1,2
778655,blossom,84,445,361,429.76190476190476,3,3,6
780195,blossom,1127,1525,398,35.31499556344277,7,3,7
780238,blossom,84,340,256,304.76190476190476,2,2,4
782995,blossom,84,704,620,738.0952380952382,5,6,10
783503,blossom,84,626,542,645.2380952380953,5,5,9
783516,blossom,84,230,146,173.80952380952382,1,1,2
784464,blossom,84,627,543,646.4285714285714,5,5,9
785344,blossom,84,230,146,173.80952380952382,1,1,2
785959,blossom,84,230,146,173.80952380952382,1,1,2
787273,blossom,84,2585,2501,2977.3809523809527,7,52,10
788920,blossom,84,494,410,488.09523809523813,3,5,5
789389,blossom,407,6258,5851,1437.5921375921375,10,10,163
790155,blossom,247,1114,867,351.01214574898785,6,13,9
791870,blossom,407,553,146,35.872235872235876,2,1,2
792314,blossom,84,230,146,173.80952380952382,1,1,2
793008,blossom,321,4424,4103,1278.1931464174456,15,86,17
795674,blossom,84,345,261,310.7142857142857,2,3,3
795802,blossom,407,955,548,134.64373464373466,5,5,9
796780,blossom,321,2077,1756,547.0404984423676,9,31,14
796929,blossom,84,770,686,816.6666666666666,3,12,5
797444,blossom,84,6384,6300,7500.0,7,145,13
797768,blossom,84,444,360,428.57142857142856,3,3,6
797973,blossom,84,576,492,585.7142857142857,2,2,11
799362,blossom,247,433,186,75.30364372469636,2,2,2
800202,blossom,84,3679,3595,4279.7619047619055,4,4,102
800818,blossom,84,230,146,173.80952380952382,1,1,2
800918,blossom,84,230,146,173.80952380952382,1,1,2
803433,blossom,84,230,146,173.80952380952382,1,1,2
803603,blossom,84,1873,1789,2129.7619047619046,9,31,15
805239,blossom,407,628,221,54.2997542997543,3,2,3
805570,blossom,247,4500,4253,1721.8623481781374,3,102,4
806051,blossom,84,5685,5601,6667.857142857143,3,134,6
807031,blossom,247,2493,2246,909.3117408906883,3,52,3
808079,blossom,481,3853,3372,701.039501039501,7,75,9
810537,blossom,247,541,294,119.02834008097165,3,3,4
811061,blossom,84,230,146,173.80952380952382,1,1,2
812341,blossom,84,661,577,686.9047619047618,5,5,10
812843,blossom,84,580,496,590.4761904761905,2,8,4
812934,blossom,407,553,146,35.872235872235876,2,1,2
815130,blossom,84,230,146,173.80952380952382,1,1,2
815341,blossom,84,230,146,173.80952380952382,1,1,2
815678,blossom,84,2394,2310,2750.0,3,52,5
815952,blossom,247,2492,2245,908.9068825910932,3,52,3
817381,blossom,84,1425,1341,1596.4285714285713,8,19,16
819272,blossom,84,295,211,251.19047619047618,1,1,4
819376,blossom,407,800,393,96.56019656019656,4,2,8
819669,blossom,84,549,465,553.5714285714286,4,4,8
824435,blossom,194,1012,818,421.64948453608247,4,5,17
824581,blossom,754,8191,7437,986.3395225464191,18,121,74
824876,blossom,6135,13282,7147,116.49551752241238,32,84,111
826621,blossom,407,703,296,72.72727272727273,3,3,4
831259,blossom,84,1096,1012,1204.7619047619048,6,15,11
832079,blossom,84,2821,2737,3258.3333333333335,7,56,13
833005,blossom,84,4151,4067,4841.666666666666,9,14,104
833324,blossom,158,3200,3042,1925.3164556962026,10,59,18
834395,blossom,84,1209,1125,1339.2857142857142,7,17,12
836493,blossom,84,230,146,173.80952380952382,1,1,2
837458,blossom,84,230,146,173.80952380952382,1,1,2
838103,blossom,84,230,146,173.80952380952382,1,1,2
838108,blossom,247,865,618,250.20242914979755,5,7,9
838945,blossom,84,842,758,902.3809523809524,7,7,13
839371,blossom,355,3026,2671,752.3943661971831,4,61,5
842929,blossom,481,1232,751,156.13305613305613,6,11,8
844131,blossom,84,338,254,302.38095238095235,2,2,4
844214,blossom,407,8250,7843,1927.027027027027,7,185,10
844546,blossom,407,952,545,133.9066339066339,6,5,9
844724,blossom,407,1172,765,187.96068796068798,8,8,12
845966,blossom,1053,5337,4284,406.8376068376068,22,73,38
847464,blossom,1702,4616,2914,171.21034077555817,13,60,13
849231,blossom,84,230,146,173.80952380952382,1,1,2
849423,blossom,84,230,146,173.80952380952382,1,1,2
850335,blossom,407,818,411,100.982800982801,4,5,5
851877,blossom,84,3617,3533,4205.952380952381,3,82,6
852250,blossom,443,4662,4219,952.3702031602708,10,9,114
852355,blossom,84,230,146,173.80952380952382,1,1,2
853560,blossom,283,463,180,63.60424028268551,2,1,3
854301,blossom,84,3044,2960,3523.809523809524,6,64,10
855943,blossom,843,4507,3664,434.63819691577703,17,67,27
856476,blossom,481,3587,3106,645.7380457380458,12,59,20
856740,blossom,84,230,146,173.80952380952382,1,1,2
857879,blossom,84,736,652,776.1904761904761,6,6,11
857914,blossom,84,3125,3041,3620.238095238095,15,29,54
858354,blossom,84,2589,2505,2982.1428571428573,4,55,7
859253,blossom,84,2420,2336,2780.952380952381,17,30,33
861109,blossom,84,992,908,1080.952380952381,7,10,14
864058,blossom,1539,6811,5272,342.56010396361273,15,115,19
864630,blossom,84,2845,2761,3286.904761904762,4,62,6
865132,blossom,84,5283,5199,6189.285714285715,3,4,150
865216,blossom,84,230,146,173.80952380952382,1,1,2
865818,blossom,84,230,146,173.80952380952382,1,1,2
866082,blossom,321,761,440,137.07165109034267,5,4,7
866594,blossom,804,8083,7279,905.3482587064676,21,56,150
868005,blossom,84,444,360,428.57142857142856,3,3,6
870120,blossom,84,345,261,310.7142857142857,2,3,3
870398,blossom,84,230,146,173.80952380952382,1,1,2
870880,blossom,84,3443,3359,3998.809523809524,14,57,30
871099,blossom,84,8396,8312,9895.238095238095,2,201,3
871309,blossom,84,230,146,173.80952380952382,1,1,2
872600,blossom,84,230,146,173.80952380952382,1,1,2
872739,blossom,84,3626,3542,4216.666666666666,5,5,99
874481,blossom,1216,4280,3064,251.97368421052633,16,60,18
874734,blossom,407,1035,628,154.2997542997543,6,7,9
874830,blossom,730,2014,1284,175.8904109589041,10,21,12
875099,blossom,84,4385,4301,5120.2380952380945,3,102,5
875235,blossom,843,2962,2119,251.36417556346382,14,33,22
875898,blossom,84,665,581,691.6666666666667,2,11,3
876989,blossom,84,479,395,470.23809523809524,3,3,7
877096,blossom,84,1713,1629,1939.2857142857142,3,34,6
877343,blossom,644,1082,438,68.01242236024845,6,4,7
878930,blossom,84,716,632,752.3809523809524,5,8,8
883089,blossom,84,230,146,173.80952380952382,1,1,2
884276,blossom,84,557,473,563.0952380952382,4,4,8
884837,blossom,84,528,444,528.5714285714286,3,5,6
885156,blossom,84,3481,3397,4044.047619047619,3,4,96
886268,blossom,84,230,146,173.80952380952382,1,1,2
886599,blossom,84,230,146,173.80952380952382,1,1,2
886822,blossom,247,433,186,75.30364372469636,2,2,2
887019,blossom,395,2845,2450,620.253164556962,7,24,43
888852,blossom,84,230,146,173.80952380952382,1,1,2
889616,blossom,84,230,146,173.80952380952382,1,1,2
889990,blossom,158,5771,5613,3552.5316455696197,23,22,139
891772,blossom,84,230,146,173.80952380952382,1,1,2
891805,blossom,84,230,146,173.80952380952382,1,1,2
892219,blossom,84,338,254,302.38095238095235,2,2,4
892874,blossom,84,304,220,261.9047619047619,2,2,3
893663,blossom,84,712,628,747.6190476190476,5,7,9
894168,blossom,84,2861,2777,3305.952380952381,2,2,80
895549,blossom,247,1162,915,370.44534412955466,5,16,7
895966,blossom,84,5618,5534,6588.095238095238,4,73,77
896048,blossom,84,340,256,304.76190476190476,2,2,4
897112,blossom,84,230,146,173.80952380952382,1,1,2
898525,blossom,84,230,146,173.80952380952382,1,1,2
899145,blossom,247,10873,10626,4302.024291497975,2,263,2
900232,blossom,84,4971,4887,5817.857142857143,4,53,81
900460,blossom,84,2724,2640,3142.8571428571427,7,8,68
901100,blossom,893,1571,678,75.92385218365062,8,10,7
901319,blossom,84,230,146,173.80952380952382,1,1,2
903431,blossom,84,340,256,304.76190476190476,2,2,4
904263,heartwood,570,1006,436,76.49122807017544,5,4,7
904469,heartwood,443,629,186,41.98645598194131,2,2,2
905595,heartwood,84,724,640,761.9047619047618,5,5,12
906709,heartwood,84,230,146,173.80952380952382,1,1,2
907826,heartwood,84,430,346,411.90476190476187,2,2,7
908697,heartwood,84,478,394,469.0476190476191,3,3,7
908881,heartwood,407,702,295,72.48157248157248,3,3,4
909600,heartwood,84,369,285,339.2857142857143,2,2,5
910969,heartwood,733,1732,999,136.28922237380627,7,10,17
912141,heartwood,84,1689,1605,1910.7142857142858,7,20,23
912262,heartwood,84,4302,4218,5021.428571428572,15,70,41
913316,heartwood,84,602,518,616.6666666666667,3,3,11
915140,heartwood,158,1592,1434,907.5949367088608,7,23,14
916321,heartwood,321,2657,2336,727.7258566978193,20,27,36
917061,heartwood,481,1884,1403,291.6839916839917,11,10,29
917628,heartwood,247,668,421,170.44534412955466,3,3,8
918724,heartwood,84,475,391,465.4761904761905,3,3,7
919605,heartwood,84,629,545,648.8095238095239,4,6,8
919861,heartwood,84,230,146,173.80952380952382,1,1,2
920497,heartwood,719,3198,2479,344.78442280945757,12,31,35
922520,heartwood,84,558,474,564.2857142857143,3,4,8
922620,heartwood,84,3051,2967,3532.142857142857,9,58,17
922824,heartwood,247,539,292,118.21862348178138,3,3,4
922867,heartwood,84,2037,1953,2325.0,4,34,17
923747,heartwood,84,700,616,733.3333333333333,3,7,9
923889,heartwood,570,4267,3697,648.5964912280701,7,6,106
924019,heartwood,481,5690,5209,1082.952182952183,11,109,24
924298,heartwood,247,7093,6846,2771.65991902834,12,153,20
924869,heartwood,84,230,146,173.80952380952382,1,1,2
925299,heartwood,84,400,316,376.1904761904762,2,2,6
925649,heartwood,84,881,797,948.8095238095237,4,13,7
925788,heartwood,84,334,250,297.61904761904765,2,2,4
926670,heartwood,158,1653,1495,946.2025316455696,12,12,29
927212,heartwood,407,8848,8441,2073.955773955774,12,62,180
927584,heartwood,84,230,146,173.80952380952382,1,1,2
927843,heartwood,84,337,253,301.1904761904762,2,2,4
928429,heartwood,247,4835,4588,1857.4898785425103,6,106,9
928447,heartwood,84,499,415,494.0476190476191,2,6,4
930164,heartwood,84,230,146,173.80952380952382,1,1,2
930291,heartwood,84,230,146,173.80952380952382,1,1,2
930517,heartwood,84,1387,1303,1551.1904761904764,10,10,26
931686,heartwood,247,3896,3649,1477.327935222672,5,10,100
931737,heartwood,84,606,522,621.4285714285714,3,3,11
932781,heartwood,84,444,360,428.57142857142856,3,3,6
932824,heartwood,84,230,146,173.80952380952382,1,1,2
932958,heartwood,407,1134,727,178.62407862407863,7,7,12
934987,heartwood,84,230,146,173.80952380952382,1,1,2
935282,heartwood,84,336,252,300.0,2,2,4
935795,heartwood,357,10338,9981,2795.798319327731,16,81,204
936460,heartwood,84,1130,1046,1245.2380952380952,3,20,6
937292,heartwood,84,694,610,726.1904761904761,5,5,11
938685,heartwood,84,230,146,173.80952380952382,1,1,2
938839,heartwood,84,449,365,434.5238095238095,3,4,5
938961,heartwood,158,2423,2265,1433.5443037974683,6,8,59
939078,heartwood,84,230,146,173.80952380952382,1,1,2
939270,heartwood,84,575,491,584.5238095238095,2,8,4
940373,heartwood,247,841,594,240.48582995951415,5,7,8
940383,heartwood,84,230,146,173.80952380952382,1,1,2
940542,heartwood,84,230,146,173.80952380952382,1,1,2
940994,heartwood,84,7448,7364,8766.666666666668,6,10,216
941509,heartwood,750,1545,795,106.0,8,7,14
941916,heartwood,84,448,364,433.3333333333333,3,3,6
943913,heartwood,247,1684,1437,581.7813765182186,9,18,20
944571,heartwood,84,7096,7012,8347.619047619048,3,3,214
944923,heartwood,84,488,404,480.9523809523809,3,4,6
946015,heartwood,84,460,376,447.61904761904765,2,5,4
946674,heartwood,84,340,256,304.76190476190476,2,2,4
946861,heartwood,247,1735,1488,602.4291497975709,13,16,24
949078,heartwood,84,487,403,479.76190476190476,3,4,6
949458,heartwood,84,2445,2361,2810.714285714286,3,53,5
949794,heartwood,84,230,146,173.80952380952382,1,1,2
950022,heartwood,407,3535,3128,768.5503685503686,9,22,66
950671,heartwood,518,9528,9010,1739.3822393822393,13,69,192
952646,heartwood,84,1241,1157,1377.3809523809523,10,11,20
953394,heartwood,319,7648,7329,2297.4921630094045,11,162,20
953854,heartwood,84,230,146,173.80952380952382,1,1,2
954305,heartwood,283,11838,11555,4083.0388692579504,6,120,209
957537,heartwood,84,479,395,470.23809523809524,3,3,7
957952,heartwood,407,841,434,106.63390663390663,4,3,8
958411,heartwood,606,1121,515,84.98349834983499,7,6,7
958442,heartwood,84,706,622,740.4761904761905,5,7,9
958639,heartwood,84,551,467,555.952380952381,4,4,8
959429,heartwood,407,1676,1269,311.79361179361183,5,23,9
959506,heartwood,84,5793,5709,6796.428571428571,10,61,99
959672,heartwood,84,230,146,173.80952380952382,1,1,2
959951,heartwood,84,1757,1673,1991.6666666666667,15,15,30
960495,heartwood,84,230,146,173.80952380952382,1,1,2
961084,heartwood,84,881,797,948.8095238095237,7,7,14
961681,heartwood,84,337,253,301.1904761904762,2,2,4
962081,heartwood,84,702,618,735.7142857142857,6,6,10
962867,heartwood,1056,2456,1400,132.57575757575756,13,17,20
962972,heartwood,730,1374,644,88.21917808219179,5,10,6
963994,heartwood,730,3804,3074,421.0958904109589,10,63,14
964260,heartwood,1216,1509,293,24.095394736842106,6,3,4
964870,heartwood,84,797,713,848.8095238095237,3,12,6
965471,heartwood,84,10597,10513,12515.476190476189,5,108,192
967620,heartwood,84,595,511,608.3333333333333,4,5,8
967621,heartwood,716,4712,3996,558.1005586592179,11,9,108
968344,heartwood,394,10584,10190,2586.2944162436547,11,12,299
969409,heartwood,84,230,146,173.80952380952382,1,1,2
969726,heartwood,84,9313,9229,10986.904761904761,26,98,156
969911,heartwood,84,230,146,173.80952380952382,1,1,2
970135,heartwood,84,230,146,173.80952380952382,1,1,2
971313,heartwood,84,6192,6108,7271.428571428571,14,18,165
971961,heartwood,407,661,254,62.40786240786241,3,2,4
972008,heartwood,407,2458,2051,503.931203931204,3,2,58
972163,heartwood,570,11573,11003,1930.3508771929824,9,16,321
973077,heartwood,84,230,146,173.80952380952382,1,1,2
973325,heartwood,84,684,600,714.2857142857143,3,9,6
973352,heartwood,1127,14168,13041,1157.142857142857,10,145,223
973875,heartwood,481,4813,4332,900.6237006237006,5,102,6
974775,heartwood,481,3690,3209,667.1517671517671,7,69,11
975074,heartwood,84,230,146,173.80952380952382,1,1,2
975952,heartwood,247,2168,1921,777.7327935222672,12,21,31
975976,heartwood,606,5676,5070,836.6336633663366,6,112,15
977548,heartwood,879,1808,929,105.6882821387941,10,12,12
977837,heartwood,84,230,146,173.80952380952382,1,1,2
977844,heartwood,407,9183,8776,2156.2653562653563,5,4,267
978385,heartwood,407,11969,11562,2840.786240786241,6,133,192
978887,heartwood,482,858,376,78.00829875518673,4,5,4
979237,heartwood,84,230,146,173.80952380952382,1,1,2
979986,heartwood,283,990,707,249.8233215547703,5,9,9
980925,heartwood,84,230,146,173.80952380952382,1,1,2
981192,heartwood,570,1459,889,155.96491228070175,7,6,18
981628,heartwood,247,8143,7896,3196.7611336032387,6,16,223
982606,heartwood,84,665,581,691.6666666666667,2,11,3
982859,heartwood,802,31117,30315,3779.925187032419,9,26,864
983255,heartwood,84,230,146,173.80952380952382,1,1,2
984774,heartwood,407,4168,3761,924.0786240786241,8,10,99
984847,heartwood,407,553,146,35.872235872235876,2,1,2
985405,heartwood,84,437,353,420.23809523809524,2,2,7
985489,heartwood,247,856,609,246.5587044534413,5,5,11
985783,heartwood,84,230,146,173.80952380952382,1,1,2
985968,heartwood,733,1602,869,118.55388813096863,9,8,15
986085,heartwood,84,230,146,173.80952380952382,1,1,2
986876,heartwood,84,10286,10202,12145.238095238095,3,250,4
987355,heartwood,84,340,256,304.76190476190476,2,2,4
987706,heartwood,84,230,146,173.80952380952382,1,1,2
987763,heartwood,84,656,572,680.952380952381,3,9,5
989196,heartwood,84,646,562,669.047619047619,3,8,6
989293,heartwood,84,545,461,548.8095238095239,3,3,9
990226,heartwood,481,19350,18869,3922.8690228690225,13,175,365
990414,heartwood,407,587,180,44.22604422604422,2,1,3
990688,heartwood,965,12124,11159,1156.3730569948186,9,30,306
991247,heartwood,84,436,352,419.0476190476191,2,2,7
991844,heartwood,407,627,220,54.054054054054056,3,2,3
993245,heartwood,570,1666,1096,192.28070175438597,8,8,22
993544,heartwood,804,2213,1409,175.24875621890547,8,24,12
994273,heartwood,407,1290,883,216.95331695331697,7,10,13
994559,heartwood,84,795,711,846.4285714285713,5,10,8
994611,heartwood,84,230,146,173.80952380952382,1,1,2
995863,heartwood,84,230,146,173.80952380952382,1,1,2
995983,heartwood,84,551,467,555.952380952381,3,4,8
996175,heartwood,84,590,506,602.3809523809524,3,5,8
996331,heartwood,245,7006,6761,2759.591836734694,3,114,67
997146,heartwood,84,230,146,173.80952380952382,1,1,2
998224,heartwood,896,6974,6078,678.3482142857143,9,140,13
998283,heartwood,84,230,146,173.80952380952382,1,1,2
998450,heartwood,247,893,646,261.53846153846155,5,6,11
1001166,heartwood,732,2293,1561,213.25136612021856,4,7,37
1001249,heartwood,84,340,256,304.76190476190476,2,2,4
1001418,heartwood,84,7272,7188,8557.142857142857,6,7,214
1002412,heartwood,551,4478,3927,712.7041742286751,7,87,10
1005056,heartwood,158,1269,1111,703.1645569620254,8,14,15
1005523,heartwood,407,10595,10188,2503.1941031941033,10,39,267
1006051,heartwood,158,7055,6897,4365.189873417721,12,82,107
1006232,heartwood,570,14235,13665,2397.3684210526317,12,76,328
1006843,heartwood,407,5887,5480,1346.4373464373464,5,53,99
1008039,heartwood,84,230,146,173.80952380952382,1,1,2
1008589,heartwood,158,2722,2564,1622.7848101265824,10,46,19
1008956,heartwood,84,378,294,350.0,2,3,4
1008959,heartwood,807,6216,5409,670.2602230483271,6,109,30
1009436,heartwood,407,760,353,86.73218673218673,3,2,7
1009679,heartwood,84,446,362,430.9523809523809,3,3,6
1011707,heartwood,1130,2216,1086,96.10619469026548,11,12,17
1012392,heartwood,807,2783,1976,244.8574969021066,13,29,23
1012439,heartwood,84,1095,1011,1203.5714285714287,2,21,4
1012628,heartwood,407,767,360,88.45208845208845,4,3,6
1012730,heartwood,84,2410,2326,2769.047619047619,3,52,5
1013438,heartwood,481,1691,1210,251.55925155925155,13,13,19
1014292,heartwood,84,2646,2562,3050.0,8,53,11
1015299,heartwood,407,3137,2730,670.7616707616708,7,57,11
1015408,heartwood,84,230,146,173.80952380952382,1,1,2
1015928,heartwood,283,10607,10324,3648.056537102474,13,64,239
1016807,heartwood,570,15409,14839,2603.3333333333335,6,106,329
1017019,heartwood,84,1100,1016,1209.5238095238094,3,21,4
1017079,heartwood,570,11761,11191,1963.3333333333333,9,110,210
1017766,heartwood,84,342,258,307.14285714285717,2,3,3
1018188,heartwood,570,871,301,52.807017543859644,4,4,3
1019124,heartwood,407,21891,21484,5278.624078624079,7,254,347
1019428,heartwood,807,2522,1715,212.51548946716233,6,10,38
1019578,heartwood,407,1163,756,185.74938574938577,7,7,13
1020227,heartwood,407,770,363,89.1891891891892,4,3,6
1020247,heartwood,84,230,146,173.80952380952382,1,1,2
1020498,heartwood,84,230,146,173.80952380952382,1,1,2
1021010,heartwood,730,876,146,20.0,3,1,2
1022069,heartwood,730,1487,757,103.69863013698631,7,6,14
1023749,heartwood,84,556,472,561.9047619047618,4,4,8
1024075,heartwood,678,8428,7750,1143.0678466076695,9,14,222
1024361,heartwood,84,230,146,173.80952380952382,1,1,2
1024409,heartwood,570,911,341,59.82456140350877,4,5,3
1024752,heartwood,84,230,146,173.80952380952382,1,1,2
1024903,heartwood,84,230,146,173.80952380952382,1,1,2
1025194,heartwood,407,10452,10045,2468.058968058968,13,53,243
1025999,heartwood,84,230,146,173.80952380952382,1,1,2
1027204,heartwood,84,230,146,173.80952380952382,1,1,2
1027362,heartwood,407,1221,814,200.0,6,10,11
1027637,heartwood,84,1300,1216,1447.6190476190477,3,25,5
1027762,heartwood,247,11463,11216,4540.890688259109,8,28,313
1027882,heartwood,268,11901,11633,4340.671641791045,13,35,317
1028617,heartwood,84,230,146,173.80952380952382,1,1,2
1028697,heartwood,84,230,146,173.80952380952382,1,1,2
1029690,heartwood,84,230,146,173.80952380952382,1,1,2
1029834,heartwood,84,14983,14899,17736.904761904763,7,195,219
1029888,heartwood,84,230,146,173.80952380952382,1,1,2
1030042,heartwood,84,338,254,302.38095238095235,2,2,4
1030119,heartwood,951,3177,2226,234.06940063091483,11,16,46
1030497,heartwood,84,10163,10079,11998.809523809525,6,6,305
1031119,heartwood,84,2804,2720,3238.095238095238,3,8,71
1031180,heartwood,84,230,146,173.80952380952382,1,1,2
1031321,heartwood,321,3854,3533,1100.6230529595016,9,19,81
1032225,heartwood,84,2457,2373,2825.0,5,5,64
1034596,heartwood,733,1564,831,113.36971350613916,8,13,8
1035272,heartwood,84,378,294,350.0,2,3,4
1035592,heartwood,84,622,538,640.4761904761905,2,9,4
1035774,heartwood,84,17467,17383,20694.047619047622,8,174,321
1036407,heartwood,84,340,256,304.76190476190476,2,2,4
1036596,heartwood,84,436,352,419.0476190476191,2,2,7
1036723,heartwood,247,583,336,136.0323886639676,3,4,4
1036836,heartwood,84,689,605,720.2380952380953,4,8,7
1037880,heartwood,84,412,328,390.4761904761905,3,3,5
1038316,heartwood,84,338,254,302.38095238095235,2,2,4
1038529,heartwood,247,1355,1108,448.58299595141705,6,19,9
1039544,heartwood,683,14445,13762,2014.9341142020496,28,72,334
1039563,heartwood,407,2056,1649,405.15970515970514,4,36,5
1039799,heartwood,84,415,331,394.0476190476191,3,3,5
1040173,heartwood,84,2026,1942,2311.904761904762,2,45,3
1040622,heartwood,84,230,146,173.80952380952382,1,1,2
1040910,heartwood,84,2306,2222,2645.2380952380954,5,47,9
1041697,heartwood,84,230,146,173.80952380952382,1,1,2
1041935,heartwood,84,422,338,402.38095238095235,2,5,3
1041982,heartwood,84,660,576,685.7142857142857,4,6,9
1042588,heartwood,245,539,294,120.0,3,3,4
1043393,heartwood,283,610,327,115.54770318021201,4,3,5
1043747,heartwood,321,1794,1473,458.87850467289724,6,8,33
1044366,heartwood,84,447,363,432.1428571428571,3,3,6
1044496,heartwood,84,340,256,304.76190476190476,2,2,4
1044861,heartwood,84,3459,3375,4017.857142857143,3,6,93
1044986,heartwood,321,13454,13133,4091.2772585669786,18,32,366
1046189,heartwood,1017,4646,3629,356.8338249754179,6,83,8
1048483,canopy,84,508,424,504.76190476190476,3,3,8
1049408,canopy,245,528,283,115.51020408163266,2,2,5
1054468,canopy,730,3432,2702,370.13698630136986,8,55,13
1059474,canopy,84,441,357,425.0,2,3,6
1064489,canopy,245,638,393,160.40816326530611,3,3,7
1068403,canopy,84,4034,3950,4702.380952380952,5,88,10
1069231,canopy,1376,21693,20317,1476.5261627906978,6,502,6
1072461,canopy,84,293,209,248.80952380952382,1,1,4
1078610,canopy,407,1151,744,182.8009828009828,6,5,15
1083877,canopy,84,443,359,427.38095238095235,2,3,6
1084421,canopy,84,400,316,376.1904761904762,2,2,6
1089155,canopy,84,2098,2014,2397.6190476190473,6,7,51
1097352,canopy,443,4140,3697,834.5372460496615,7,14,93
1102660,canopy,247,871,624,252.6315789473684,4,7,9
1105984,canopy,84,10267,10183,12122.619047619048,4,4,312
1108533,canopy,807,2713,1906,236.18339529120198,9,19,33
1113456,canopy,84,293,209,248.80952380952382,1,1,4
1117415,canopy,84,293,209,248.80952380952382,1,1,4
1118562,canopy,84,560,476,566.6666666666667,2,6,6
1121422,canopy,84,293,209,248.80952380952382,1,1,4
1130510,canopy,730,1048,318,43.56164383561644,4,2,6
1130960,canopy,84,758,674,802.3809523809524,3,10,7
1131876,canopy,84,1550,1466,1745.2380952380952,9,18,21
1132070,canopy,245,576,331,135.10204081632654,2,4,4
1136025,canopy,929,2214,1285,138.32077502691064,13,16,18
1136662,canopy,84,293,209,248.80952380952382,1,1,4
1137246,canopy,245,6879,6634,2707.7551020408164,5,154,10
1138500,canopy,84,726,642,764.2857142857143,5,5,12
1141066,canopy,84,8424,8340,9928.57142857143,2,2,257
1142998,canopy,84,1092,1008,1200.0,5,15,11
1144568,canopy,84,475,391,465.4761904761905,3,3,7
1145194,canopy,643,2801,2158,335.61430793157075,3,48,5
1149157,canopy,84,402,318,378.57142857142856,2,2,6
1151590,canopy,158,1385,1227,776.5822784810126,9,12,21
1153263,canopy,84,9251,9167,10913.095238095239,10,139,109
1154428,canopy,84,293,209,248.80952380952382,1,1,4
1157061,canopy,84,2336,2252,2680.952380952381,2,50,5
1157140,canopy,84,2591,2507,2984.5238095238096,4,55,8
1164855,canopy,245,686,441,180.0,3,5,6
1165424,canopy,84,402,318,378.57142857142856,2,2,6
1166444,canopy,84,799,715,851.1904761904763,3,11,7
1171695,canopy,84,293,209,248.80952380952382,1,1,4
1171922,canopy,84,511,427,508.3333333333333,3,3,8
1176612,canopy,84,408,324,385.7142857142857,2,3,5
1176805,canopy,84,293,209,248.80952380952382,1,1,4
1177407,canopy,319,1646,1327,415.987460815047,7,21,13
1186525,canopy,84,475,391,465.4761904761905,3,3,7
1187849,canopy,283,821,538,190.1060070671378,5,4,10
1190155,canopy,84,561,477,567.8571428571429,2,6,6
1193141,canopy,245,420,175,71.42857142857143,1,1,3
1196881,canopy,84,542,458,545.2380952380953,3,3,9
1203139,canopy,84,3890,3806,4530.952380952381,15,69,29
1203834,canopy,84,868,784,933.3333333333334,3,12,8
1204381,canopy,84,512,428,509.5238095238095,3,3,8
1204907,canopy,84,507,423,503.57142857142856,3,3,8
1205767,canopy,2991,8025,5034,168.3049147442327,20,100,28
1210725,canopy,84,293,209,248.80952380952382,1,1,4
1210770,canopy,84,828,744,885.7142857142858,6,6,14
1211483,canopy,84,1654,1570,1869.047619047619,6,26,14
1213516,canopy,321,3683,3362,1047.3520249221183,11,43,48
1215830,canopy,84,293,209,248.80952380952382,1,1,4
1217657,canopy,84,2058,1974,2350.0,14,22,31
1226630,canopy,570,19337,18767,3292.4561403508774,11,16,564
1229587,canopy,84,973,889,1058.3333333333335,7,7,17
1231168,canopy,84,769,685,815.4761904761905,5,6,12
1236076,canopy,84,2063,1979,2355.952380952381,2,44,5
1239035,canopy,84,365,281,334.5238095238095,2,2,5
1239876,canopy,84,1073,989,1177.3809523809523,4,17,8
1249836,canopy,730,4641,3911,535.7534246575343,5,15,103
1251544,canopy,84,8739,8655,10303.57142857143,20,115,122
1253051,canopy,84,8160,8076,9614.285714285714,2,2,238
1254078,canopy,84,293,209,248.80952380952382,1,1,4
1256994,canopy,84,1886,1802,2145.2380952380954,2,40,5
1265869,canopy,84,886,802,954.7619047619047,5,5,17
1269227,canopy,247,12877,12630,5113.36032388664,6,6,386
1271294,canopy,84,17377,17293,20586.904761904763,10,14,521
1273320,canopy,84,293,209,248.80952380952382,1,1,4
1287842,canopy,84,1020,936,1114.2857142857142,4,14,10
1289705,canopy,1126,2215,1089,96.71403197158082,9,12,17
1291770,canopy,84,10863,10779,12832.142857142859,5,5,329
1291909,canopy,84,512,428,509.5238095238095,3,3,8
1292795,canopy,158,25273,25115,15895.569620253164,7,8,764
1296343,canopy,84,2266,2182,2597.6190476190473,6,43,12
1296690,canopy,84,403,319,379.76190476190476,2,2,6
1297436,canopy,84,4852,4768,5676.190476190476,4,4,140
1298688,canopy,84,440,356,423.8095238095238,2,3,6
1301134,canopy,84,403,319,379.76190476190476,2,2,6
1303779,canopy,769,5101,4332,563.3289986996099,8,31,95
1306462,canopy,158,913,755,477.8481012658228,6,8,12
1308258,canopy,158,2857,2699,1708.2278481012659,4,3,79
1311791,canopy,443,952,509,114.89841986455983,4,6,7
1312264,canopy,84,2260,2176,2590.4761904761904,3,47,7
1316853,canopy,84,2128,2044,2433.333333333333,4,42,9
1318049,canopy,84,293,209,248.80952380952382,1,1,4
1320789,canopy,84,7044,6960,8285.714285714286,5,160,12
1323492,canopy,84,1243,1159,1379.7619047619048,8,12,19
1333145,canopy,1125,8194,7069,628.3555555555555,11,157,19
1333153,canopy,84,293,209,248.80952380952382,1,1,4
1336397,canopy,407,4662,4255,1045.4545454545455,5,5,125
1341182,canopy,84,6742,6658,7926.190476190476,5,154,11
1342607,canopy,730,7282,6552,897.5342465753424,5,154,7
1343441,canopy,84,1134,1050,1250.0,7,12,16
1344447,canopy,84,293,209,248.80952380952382,1,1,4
1349738,canopy,84,407,323,384.5238095238095,2,3,5
1352650,canopy,319,1942,1623,508.77742946708463,4,3,44
1352862,canopy,84,402,318,378.57142857142856,2,2,6
1353556,canopy,443,3046,2603,587.5846501128668,15,37,32
1357666,canopy,570,1430,860,150.87719298245614,5,13,9
1358777,canopy,84,400,316,376.1904761904762,2,2,6
1358902,canopy,84,6814,6730,8011.904761904762,4,159,7
1361250,canopy,84,293,209,248.80952380952382,1,1,4
1365295,canopy,407,907,500,122.85012285012284,4,4,9
1366638,canopy,84,3839,3755,4470.2380952380945,5,9,104
1370581,canopy,84,293,209,248.80952380952382,1,1,4
1370691,canopy,84,645,561,667.8571428571429,2,9,5
1377751,canopy,407,791,384,94.34889434889435,3,2,8
1379052,canopy,158,1029,871,551.2658227848101,7,10,13
1379084,canopy,194,590,396,204.12371134020617,3,4,6
1381513,canopy,267,15330,15063,5641.573033707865,8,360,18
1383767,canopy,495,1651,1156,233.53535353535352,3,23,6
1385342,canopy,84,367,283,336.9047619047619,2,2,5
1388707,canopy,407,1328,921,226.28992628992629,8,7,18
1392925,canopy,283,7663,7380,2607.773851590106,10,165,19
1394126,canopy,84,647,563,670.2380952380953,4,4,11
1396086,canopy,84,747,663,789.2857142857143,5,9,8
1400477,canopy,84,293,209,248.80952380952382,1,1,4
1401615,canopy,84,813,729,867.8571428571429,5,9,10
1403393,canopy,84,293,209,248.80952380952382,1,1,4
1410220,canopy,84,450,366,435.71428571428567,2,4,5
1410546,canopy,158,797,639,404.43037974683546,5,5,12
1413052,canopy,407,908,501,123.09582309582309,5,4,9
1413433,canopy,407,724,317,77.88697788697789,3,2,6
1414753,canopy,84,293,209,248.80952380952382,1,1,4
1415582,canopy,84,514,430,511.90476190476187,3,4,7
1416107,canopy,730,1013,283,38.76712328767123,4,2,5
1419664,canopy,194,914,720,371.1340206185567,6,7,12
1421814,canopy,730,2698,1968,269.5890410958904,12,28,24
1423391,canopy,407,616,209,51.35135135135135,2,1,4
1423647,canopy,804,1046,242,30.09950248756219,4,1,5
1430089,canopy,407,1266,859,211.05651105651106,6,12,10
1430524,canopy,84,293,209,248.80952380952382,1,1,4
1434714,canopy,407,724,317,77.88697788697789,3,2,6
1435561,canopy,245,420,175,71.42857142857143,1,1,3
1436791,canopy,245,2977,2732,1115.1020408163265,2,63,4
1439302,canopy,1898,3122,1224,64.48893572181244,16,12,21
1441986,canopy,84,293,209,248.80952380952382,1,1,4
1448279,canopy,407,616,209,51.35135135135135,2,1,4
1449621,canopy,3960,10412,6452,162.92929292929293,26,73,108
1452900,canopy,1539,14807,13268,862.1182586094866,13,252,94
1454185,canopy,84,523,439,522.6190476190476,2,5,6
1454418,canopy,1053,4463,3410,323.8366571699905,9,6,98
1460041,canopy,245,1441,1196,488.1632653061224,3,24,6
1460583,canopy,407,1129,722,177.3955773955774,3,13,5
1461446,canopy,407,3415,3008,739.0663390663391,6,7,84
1462147,canopy,84,544,460,547.6190476190476,3,3,9
1465805,canopy,84,4951,4867,5794.047619047619,6,31,111
1470648,canopy,247,1808,1561,631.9838056680162,13,17,25
1470914,canopy,606,1628,1022,168.64686468646866,7,13,14
1471664,canopy,84,401,317,377.38095238095235,2,2,6
1483870,canopy,84,293,209,248.80952380952382,1,1,4
1484243,canopy,766,17765,16999,2219.190600522193,9,8,518
1485000,canopy,84,3268,3184,3790.4761904761904,6,25,67
1489468,canopy,84,293,209,248.80952380952382,1,1,4
1501345,canopy,84,1497,1413,1682.1428571428573,7,20,17
1503445,canopy,283,1926,1643,580.565371024735,7,27,15
1505816,canopy,84,293,209,248.80952380952382,1,1,4
1506632,canopy,84,293,209,248.80952380952382,1,1,4
1509375,canopy,84,401,317,377.38095238095235,2,2,6
1514747,canopy,84,498,414,492.8571428571429,2,2,9
1517219,canopy,570,1821,1251,219.4736842105263,12,11,23
1518870,canopy,84,860,776,923.8095238095237,4,11,9
1518883,canopy,158,401,243,153.79746835443038,2,1,5
1521025,canopy,407,834,427,104.9140049140049,4,3,8
1522117,canopy,245,420,175,71.42857142857143,1,1,3
1531229,canopy,245,636,391,159.59183673469389,3,3,7
1534305,canopy,410,1325,915,223.1707317073171,8,11,13
1534518,canopy,84,1321,1237,1472.6190476190477,9,14,19
1535368,canopy,247,528,281,113.76518218623481,2,2,5
1535825,canopy,427,2713,2286,535.3629976580796,4,4,63
1539006,canopy,407,828,421,103.43980343980344,4,3,8
1542842,canopy,84,401,317,377.38095238095235,2,2,6
1547367,canopy,84,293,209,248.80952380952382,1,1,4
1547857,canopy,407,616,209,51.35135135135135,2,1,4
1550194,canopy,84,401,317,377.38095238095235,2,2,6
1554143,canopy,84,600,516,614.2857142857143,2,7,6
1555096,canopy,84,293,209,248.80952380952382,1,1,4
1555365,canopy,84,12483,12399,14760.714285714286,8,241,82
1558452,canopy,966,2635,1669,172.7743271221532,9,30,12
1560350,canopy,534,1038,504,94.3820224719101,5,5,8
1564553,canopy,84,293,209,248.80952380952382,1,1,4
1565920,canopy,84,485,401,477.38095238095235,2,5,5
1566596,canopy,84,719,635,755.952380952381,3,9,7
1569511,canopy,1489,12330,10841,728.0725319006044,20,179,109
1569601,canopy,4480,52201,47721,1065.200892857143,29,1186,7
1570727,canopy,158,517,359,227.21518987341773,3,3,6
1573030,canopy,84,469,385,458.3333333333333,2,2,8
1577784,canopy,84,293,209,248.80952380952382,1,1,4
1585336,canopy,568,2704,2136,376.056338028169,5,4,60
1586800,canopy,247,3430,3183,1288.663967611336,7,68,11
1588086,canopy,158,1892,1734,1097.4683544303798,4,35,8
1588301,canopy,84,636,552,657.1428571428571,3,7,7
1589842,canopy,877,5120,4243,483.8084378563284,16,34,87
1590518,canopy,245,420,175,71.42857142857143,1,1,3
1591828,canopy,84,1020,936,1114.2857142857142,8,8,17
1595443,canopy,84,2240,2156,2566.666666666667,6,44,10
1600859,canopy,247,13018,12771,5170.4453441295545,11,55,326
1601570,canopy,84,2908,2824,3361.904761904762,4,4,81
1602804,canopy,84,293,209,248.80952380952382,1,1,4
1603366,canopy,84,293,209,248.80952380952382,1,1,4
1603903,canopy,84,638,554,659.5238095238095,2,8,6
1607208,canopy,245,420,175,71.42857142857143,1,1,3
1607564,canopy,84,625,541,644.047619047619,4,5,9
1612027,canopy,84,293,209,248.80952380952382,1,1,4
1612674,canopy,407,2379,1972,484.5208845208846,3,2,58
1612919,canopy,407,650,243,59.7051597051597,2,1,5
1613607,canopy,443,1646,1203,271.55756207674943,9,14,18
1613956,canopy,283,1181,898,317.3144876325088,7,12,11
1615655,canopy,84,293,209,248.80952380952382,1,1,4
1618447,canopy,84,2590,2506,2983.333333333333,6,7,68
1618721,canopy,158,508,350,221.51898734177215,3,2,7
1619354,canopy,818,1430,612,74.81662591687042,6,6,10
1623419,canopy,84,293,209,248.80952380952382,1,1,4
1634069,canopy,84,293,209,248.80952380952382,1,1,4
1637108,canopy,84,293,209,248.80952380952382,1,1,4
1638545,canopy,2685,3765,1080,40.22346368715084,17,16,12
1639362,canopy,84,474,390,464.28571428571433,3,3,7
1642209,canopy,245,1019,774,315.9183673469388,4,6,15
1643058,canopy,767,976,209,27.249022164276404,2,1,4
1643629,canopy,84,473,389,463.09523809523813,3,3,7
1644133,canopy,84,402,318,378.57142857142856,2,2,6
1648827,canopy,84,441,357,425.0,2,3,6
1650783,canopy,84,293,209,248.80952380952382,1,1,4
1651741,canopy,84,293,209,248.80952380952382,1,1,4
1656303,canopy,446,804,358,80.26905829596413,4,3,6
1656389,canopy,84,1622,1538,1830.952380952381,3,31,7
1657448,canopy,84,293,209,248.80952380952382,1,1,4
1659127,canopy,84,1797,1713,2039.2857142857142,3,35,8
1661146,canopy,84,442,358,426.1904761904762,3,3,6
1662439,canopy,84,293,209,248.80952380952382,1,1,4
1665976,canopy,84,655,571,679.7619047619047,2,9,5
1667043,canopy,84,293,209,248.80952380952382,1,1,4
1667254,canopy,2381,5490,3109,130.57538849223016,10,69,9
1669978,canopy,84,400,316,376.1904761904762,2,2,6
1673596,canopy,84,505,421,501.1904761904762,3,3,8
1675185,canopy,407,1963,1556,382.3095823095823,9,23,18
1677969,canopy,84,717,633,753.5714285714286,5,5,12
1678553,canopy,407,14072,13665,3357.493857493858,15,75,324
1680191,canopy,84,932,848,1009.5238095238095,7,7,16
1680751,canopy,84,1037,953,1134.5238095238094,8,8,18
1686160,canopy,84,580,496,590.4761904761905,4,4,9
1690483,nu5,409,1456,1047,255.99022004889974,9,10,18
1691984,nu5,87,508,421,483.9080459770115,3,3,8
1700191,nu5,87,296,209,240.22988505747125,1,1,4
1708311,nu5,5251,5460,209,3.9801942487145303,7,1,4
1716446,nu5,88,297,209,237.5,1,1,4
1722796,nu5,47382,47701,319,0.673251445696678,44,2,6
1724138,nu5,88,297,209,237.5,1,1,4
1729378,nu5,109615,110079,464,0.42329973087624867,17,4,8
1739353,nu5,247032,248291,1259,0.5096505715858674,23,23,9
1747897,nu5,89,298,209,234.8314606741573,1,1,4
1748778,nu5,128716,129189,473,0.3674756828987849,12,5,7
1756458,nu5,15912,16467,555,3.4879336349924586,4,7,7
1769755,nu5,288,640,352,122.22222222222223,3,2,7
1778364,nu5,209374,209797,423,0.2020308156695674,4,3,8
1783757,nu5,237254,237609,355,0.14962866800981225,3,3,6
1787891,nu5,179998,181291,1293,0.718341314903499,20,13,22
1795877,nu5,38591,39178,587,1.5210800445699775,6,7,8
1802300,nu5,770,1099,329,42.72727272727273,3,4,4
1804159,nu5,134736,135125,389,0.2887127419546372,5,3,7
1808798,nu5,90,299,209,232.22222222222223,1,1,4
1823541,nu5,90,373,283,314.44444444444446,2,2,5
1824271,nu5,90,299,209,232.22222222222223,1,1,4
1825756,nu5,90,299,209,232.22222222222223,1,1,4
1826071,nu5,90,299,209,232.22222222222223,1,1,4
1832486,nu5,209621,209830,209,0.09970375105547631,2,1,4
1833520,nu5,191072,191719,647,0.33861580974711103,5,6,11
1834468,nu5,147903,148112,209,0.141308830787746,2,1,4
1836500,nu5,90,4404,4314,4793.333333333333,2,102,5
1840663,nu5,100186,101770,1584,1.5810592298325117,6,4,43
1843797,nu5,90,299,209,232.22222222222223,1,1,4
1846344,nu5,94258,116410,22152,23.501453457531458,13,521,27
1847360,nu5,90,299,209,232.22222222222223,1,1,4
1853788,nu5,90,623,533,592.2222222222223,4,4,10
1857735,nu5,90919,94126,3207,3.5273155226080357,7,68,12
1860449,nu5,98074,98356,282,0.2875379815241552,3,2,5
1862339,nu5,96565,97202,637,0.6596592968466836,7,4,13
1866609,nu5,94576,109565,14989,15.848629673490104,6,363,10
1866737,nu5,91237,98836,7599,8.328857809879764,4,182,7
1879253,nu5,90,624,534,593.3333333333334,4,4,10
1880175,nu5,93781,94098,317,0.3380215608705388,3,2,6
1881829,nu5,90,14999,14909,16565.555555555555,4,362,8
1890348,nu5,90,299,209,232.22222222222223,1,1,4
1890715,nu5,90,559,469,521.1111111111111,3,5,7
1898324,nu5,90,10100,10010,11122.222222222223,4,15,288
1898637,nu5,289,10156,9867,3414.1868512110727,6,25,271
1899613,nu5,377,2161,1784,473.2095490716181,7,16,34
1914403,nu5,90,299,209,232.22222222222223,1,1,4
1916551,nu5,98869,99078,209,0.21139083029058653,2,1,4
1920292,nu5,99505,99714,209,0.2100396964976634,2,1,4
1925136,nu5,78124,79492,1368,1.7510624135988941,6,5,35
1931201,nu5,82810,83019,209,0.2523849776597029,2,1,4
1941353,nu5,90,299,209,232.22222222222223,1,1,4
1942481,nu5,85741,91301,5560,6.484645618782146,16,96,51
1943368,nu5,38608,38817,209,0.5413385826771654,2,1,4
1944222,nu5,77705,78839,1134,1.4593655491924586,11,13,17
1945616,nu5,90,4090,4000,4444.444444444444,6,87,12
1953659,nu5,90,299,209,232.22222222222223,1,1,4
1953731,nu5,90,299,209,232.22222222222223,1,1,4
1954889,nu5,90,299,209,232.22222222222223,1,1,4
1958186,nu5,1132,3522,2390,211.13074204946994,7,32,33
1961940,nu5,90,299,209,232.22222222222223,1,1,4
1964902,nu5,447,1266,819,183.2214765100671,5,12,9
1979459,nu5,55625,56092,467,0.8395505617977528,5,4,8
1984255,nu5,94615,94859,244,0.2578872271838503,3,1,5
1986820,nu5,92548,92871,323,0.349008082292432,4,3,5
1994780,nu5,972,2490,1518,156.17283950617283,5,32,6
1999581,nu5,35857,37067,1210,3.3745154363164795,21,14,18
2000945,nu5,7959,9172,1213,15.240608116597562,24,14,18
2017101,nu5,54430,55436,1006,1.8482454528752528,10,9,18
2019872,nu5,809,2128,1319,163.0407911001236,12,16,19
2022317,nu5,84241,84450,209,0.2480977196377061,2,1,4
2023982,nu5,646,1044,398,61.60990712074303,4,4,6
2028712,nu5,289,1530,1241,429.4117647058823,12,15,18
2043108,nu5,447,2859,2412,539.5973154362416,4,54,6
2048556,nu5,1044,2611,1567,150.095785440613,13,12,31
2051908,nu5,90,299,209,232.22222222222223,1,1,4
2055195,nu5,30259,30538,279,0.922039723718563,4,1,6
2078751,nu5,7169,7683,514,7.169758683219417,5,6,7
2081774,nu5,932,3195,2263,242.81115879828326,7,6,61
2085123,nu5,8079,8288,209,2.5869538309196685,2,1,4
2085348,nu5,610,3168,2558,419.344262295082,8,52,13
2086786,nu5,3154,5046,1892,59.98731769181991,21,25,25
2092540,nu5,8079,8288,209,2.5869538309196685,2,1,4
2093104,nu5,90,299,209,232.22222222222223,1,1,4
2094314,nu5,8079,8288,209,2.5869538309196685,2,1,4
2096345,nu5,8079,8550,471,5.829929446713702,3,5,7
2100313,nu5,8080,8289,209,2.5866336633663365,2,1,4
2104603,nu5,8080,8289,209,2.5866336633663365,2,1,4
2108956,nu5,8080,8289,209,2.5866336633663365,2,1,4
2111869,nu5,254,2974,2720,1070.8661417322835,10,22,55
2117599,nu5,6366,6845,479,7.524348099277411,3,6,6
2118366,nu5,6366,6575,209,3.2830662896638394,2,1,4
2125811,nu5,8080,8848,768,9.504950495049505,3,2,20
2127751,nu5,91,1289,1198,1316.4835164835165,6,18,13
2132194,nu5,8080,8289,209,2.5866336633663365,2,1,4
2136579,nu5,8080,8289,209,2.5866336633663365,2,1,4
2152238,nu5,6366,6717,351,5.513666352497644,3,2,7
2152250,nu5,6366,6575,209,3.2830662896638394,2,1,4
2157513,nu5,8080,8397,317,3.9232673267326734,3,2,6
2165275,nu5,254,2463,2209,869.6850393700787,2,51,4
2167587,nu5,91,300,209,229.67032967032966,1,1,4
2168940,nu5,8080,8289,209,2.5866336633663365,2,1,4
2170570,nu5,2658,4400,1742,65.53799849510911,23,22,24
2179154,nu5,414,2111,1697,409.9033816425121,2,1,52
2183877,nu5,91,2426,2335,2565.934065934066,5,50,9
2183878,nu5,414,2111,1697,409.9033816425121,2,1,52
2184222,nu5,414,2111,1697,409.9033816425121,2,1,52
2185346,nu5,577,5095,4518,783.0155979202773,4,5,135
2192013,nu5,414,2111,1697,409.9033816425121,2,1,52
2193815,nu5,414,2111,1697,409.9033816425121,2,1,52
2194018,nu5,414,2111,1697,409.9033816425121,2,1,52
2197827,nu5,414,2111,1697,409.9033816425121,2,1,52
2204389,nu5,414,2111,1697,409.9033816425121,2,1,52
2206567,nu5,414,2111,1697,409.9033816425121,2,1,52
2212964,nu5,577,2394,1817,314.9046793760832,3,4,52
2213143,nu5,414,2408,1994,481.64251207729467,4,5,56
2224593,nu5,737,2544,1807,245.1831750339213,4,2,54
2226705,nu5,577,4788,4211,729.8093587521664,5,42,79
2226757,nu5,414,2111,1697,409.9033816425121,2,1,52
2230696,nu5,414,2111,1697,409.9033816425121,2,1,52
2234353,nu5,895,2880,1985,221.78770949720672,5,3,58
2236907,nu5,414,2111,1697,409.9033816425121,2,1,52
2242365,nu5,91,300,209,229.67032967032966,1,1,4
2249207,nu5,843,3242,2399,284.5788849347568,14,42,20
2251156,nu5,414,2111,1697,409.9033816425121,2,1,52
2254335,nu5,414,2111,1697,409.9033816425121,2,1,52
2261459,nu5,414,2111,1697,409.9033816425121,2,1,52
2263304,nu5,1094,3282,2188,200.0,6,9,57
2266189,nu5,577,3234,2657,460.4852686308492,3,25,52
2277262,nu5,737,2434,1697,230.25780189959292,3,1,52
2277791,nu5,414,2221,1807,436.47342995169083,3,2,54
2281857,nu5,773,3739,2966,383.6998706338939,4,2,90
2282474,nu5,414,2218,1804,435.7487922705314,3,2,54
2284615,nu5,414,2111,1697,409.9033816425121,2,1,52
2285961,nu5,414,7188,6774,1636.231884057971,4,96,91
2286812,nu5,414,2111,1697,409.9033816425121,2,1,52
2292582,nu5,414,2111,1697,409.9033816425121,2,1,52
2298627,nu5,414,733,319,77.05314009661835,3,2,6
2299043,nu5,91,300,209,229.67032967032966,1,1,4
2309493,nu5,91,300,209,229.67032967032966,1,1,4
2310199,nu5,91,549,458,503.2967032967033,3,3,9
2316994,nu5,91,374,283,310.989010989011,2,2,5
2318368,nu5,611,1604,993,162.52045826513913,6,7,20
2320364,nu5,91,300,209,229.67032967032966,1,1,4
2324436,nu5,91,300,209,229.67032967032966,1,1,4
2328790,nu5,414,623,209,50.48309178743962,2,1,4
2338999,nu5,91,375,284,312.0879120879121,2,2,5
2341175,nu5,91,300,209,229.67032967032966,1,1,4
2346494,nu5,91,741,650,714.2857142857143,5,6,11
2348579,nu5,91,300,209,229.67032967032966,1,1,4
2348957,nu5,91,653,562,617.5824175824176,4,4,11
2358078,nu5,91,300,209,229.67032967032966,1,1,4
2358957,nu5,91,300,209,229.67032967032966,1,1,4
2360357,nu5,91,375,284,312.0879120879121,2,2,5
2361494,nu5,91,1602,1511,1660.4395604395606,3,31,7
2367427,nu5,91,300,209,229.67032967032966,1,1,4
2375284,nu5,91,1661,1570,1725.2747252747251,3,32,7
2375716,nu5,254,643,389,153.1496062992126,3,3,7
2376932,nu5,91,615,524,575.8241758241758,2,8,5
2396731,nu5,91,300,209,229.67032967032966,1,1,4
2397336,nu5,91,300,209,229.67032967032966,1,1,4
2398564,nu5,735,1608,873,118.77551020408164,9,9,14
2405812,nu5,414,2983,2569,620.5314009661836,5,4,68
2425078,nu5,448,764,316,70.53571428571429,3,2,6
2428484,nu5,1252,2637,1385,110.62300319488818,6,4,35
2432330,nu5,91,300,209,229.67032967032966,1,1,4
2433653,nu5,91,689,598,657.1428571428571,3,9,6
2438103,nu5,91,446,355,390.1098901098901,2,3,6
2446818,nu5,1063,3668,2605,245.06114769520227,12,13,63
2450828,nu5,91,1017,926,1017.5824175824175,2,2,25
2453506,nu5,91,300,209,229.67032967032966,1,1,4
2453526,nu5,448,2438,1990,444.19642857142856,8,36,15
2457001,nu5,91,599,508,558.2417582417582,4,5,8
2458772,nu5,91,375,284,312.0879120879121,2,2,5
2473553,nu5,91,300,209,229.67032967032966,1,1,4
2478543,nu5,91,449,358,393.4065934065934,3,3,6
2478888,nu5,91,300,209,229.67032967032966,1,1,4
2480267,nu5,414,806,392,94.68599033816425,3,3,7
2481007,nu5,91,300,209,229.67032967032966,1,1,4
2486169,nu5,91,300,209,229.67032967032966,1,1,4
2492391,nu5,1162,1561,399,34.33734939759036,5,4,6
2499730,nu5,4232,7814,3582,84.64083175803403,13,33,68
2500526,nu5,378,627,249,65.87301587301587,2,2,4
2504316,nu5,4472,6583,2111,47.204830053667266,22,17,42
2510722,nu5,1449,2032,583,40.23464458247067,8,6,9
2512268,nu5,448,657,209,46.651785714285715,2,1,4
2512705,nu5,805,1094,289,35.900621118012424,3,3,4
2517712,nu5,448,697,249,55.58035714285714,2,2,4
2520790,nu5,735,1024,289,39.31972789115646,3,3,4
2527609,nu5,448,657,209,46.651785714285715,2,1,4
2529825,nu5,1485,3278,1793,120.74074074074075,10,31,15
2530922,nu5,91,300,209,229.67032967032966,1,1,4
2535651,nu5,378,2612,2234,591.0052910052909,3,50,6
2535796,nu5,1629,2060,431,26.45794966236955,6,4,7
2537623,nu5,414,2111,1697,409.9033816425121,2,1,52
2541359,nu5,414,2111,1697,409.9033816425121,2,1,52
2549071,nu5,414,2111,1697,409.9033816425121,2,1,52
2561321,nu5,414,2111,1697,409.9033816425121,2,1,52
2563696,nu5,414,2111,1697,409.9033816425121,2,1,52
2565781,nu5,414,2111,1697,409.9033816425121,2,1,52
2566130,nu5,414,2111,1697,409.9033816425121,2,1,52
2568630,nu5,414,2111,1697,409.9033816425121,2,1,52
2569727,nu5,414,2291,1877,453.3816425120773,3,2,56
2571852,nu5,414,2220,1806,436.231884057971,3,2,54
2577715,nu5,771,6419,5648,732.5551232166018,8,91,62
2586501,nu5,378,2795,2417,639.4179894179894,5,52,9
2587654,nu5,414,2111,1697,409.9033816425121,2,1,52
2589656,nu5,701,7453,6752,963.1954350927247,15,63,128
2590567,nu5,771,2508,1737,225.29182879377433,3,2,52
2591438,nu5,1024,4035,3011,294.04296875,7,65,11
2596800,nu5,414,2111,1697,409.9033816425121,2,1,52
2597378,nu5,1058,5159,4101,387.6181474480151,7,44,73
2604616,nu5,737,2469,1732,235.0067842605156,3,1,53
2605667,nu5,414,2111,1697,409.9033816425121,2,1,52
2606064,nu5,414,2111,1697,409.9033816425121,2,1,52
2607180,nu5,988,3287,2299,232.6923076923077,7,10,59
2607746,nu5,414,2111,1697,409.9033816425121,2,1,52
2610502,nu5,414,2111,1697,409.9033816425121,2,1,52
2615031,nu5,414,2111,1697,409.9033816425121,2,1,52
2615476,nu5,414,2111,1697,409.9033816425121,2,1,52
2616502,nu5,773,2505,1732,224.06209573091851,3,1,53
2623095,nu5,414,2111,1697,409.9033816425121,2,1,52
2640372,nu5,414,2217,1803,435.5072463768116,3,2,54
2645301,nu5,414,2111,1697,409.9033816425121,2,1,52
2647631,nu5,1128,2825,1697,150.44326241134752,4,1,52
2648958,nu5,414,2219,1805,435.9903381642512,3,2,54
2653576,nu5,414,2111,1697,409.9033816425121,2,1,52
2654953,nu5,414,2219,1805,435.9903381642512,3,2,54
2655878,nu5,414,2111,1697,409.9033816425121,2,1,52
2656697,nu5,771,2582,1811,234.88975356679637,4,3,53
2664311,nu5,414,2111,1697,409.9033816425121,2,1,52
2667484,nu5,771,2583,1812,235.0194552529183,4,3,53
2669038,nu5,414,2111,1697,409.9033816425121,2,1,52
2676437,nu5,773,2504,1731,223.9327296248383,3,1,53
2676577,nu5,414,2226,1812,437.6811594202899,3,3,53
2678294,nu5,414,2111,1697,409.9033816425121,2,1,52
2681018,nu5,414,2111,1697,409.9033816425121,2,1,52
2684294,nu5,414,2111,1697,409.9033816425121,2,1,52
2686390,nu5,701,2866,2165,308.84450784593434,4,11,54
2692127,nu5,91,300,209,229.67032967032966,1,1,4
2693858,nu5,414,2226,1812,437.6811594202899,3,3,53
2694201,nu5,414,2258,1844,445.41062801932367,3,3,54
2698620,nu5,414,2111,1697,409.9033816425121,2,1,52
2704488,nu5,522,1023,501,95.97701149425288,4,4,9
2707066,nu5,91,300,209,229.67032967032966,1,1,4
2711582,nu5,91,483,392,430.7692307692308,3,3,7
2712530,nu5,611,860,249,40.752864157119475,3,2,4
2715186,nu5,805,1234,429,53.29192546583851,4,4,7
2716095,nu5,91,300,209,229.67032967032966,1,1,4
2724868,nu5,91,300,209,229.67032967032966,1,1,4
2727591,nu6,91,345,254,279.1208791208791,2,2,4
2728119,nu6,1252,2010,758,60.54313099041534,6,12,7
2731012,nu6,91,236,145,159.34065934065933,1,1,2
2733873,nu6,964,1252,288,29.87551867219917,4,2,5
2736740,nu6,414,594,180,43.47826086956522,2,1,3
2738978,nu6,448,628,180,40.17857142857143,2,1,3
2739451,nu6,771,1459,688,89.23476005188068,7,7,11
2741297,nu6,448,633,185,41.294642857142854,2,2,2
2744812,nu6,1236,1962,726,58.7378640776699,9,6,13
2747823,nu6,91,236,145,159.34065934065933,1,1,2
2748134,nu6,254,514,260,102.36220472440945,2,3,3
2750840,nu6,91,236,145,159.34065934065933,1,1,2
2755526,nu6,91,345,254,279.1208791208791,2,2,4
2758560,nu6,91,888,797,875.8241758241759,7,8,13
2760461,nu6,91,345,254,279.1208791208791,2,2,4
2761917,nu6,91,236,145,159.34065934065933,1,1,2
2764732,nu6,572,790,218,38.111888111888106,2,2,3
2766995,nu6,91,310,219,240.65934065934064,2,2,3
2767650,nu6,1487,2630,1143,76.86617350369872,9,19,10
2769285,nu6,448,593,145,32.36607142857143,2,1,2
2774481,nu6,91,311,220,241.75824175824175,2,2,3
2774738,nu6,91,236,145,159.34065934065933,1,1,2
2775261,nu6,91,236,145,159.34065934065933,1,1,2
2775372,nu6,91,345,254,279.1208791208791,2,2,4
2777633,nu6,91,236,145,159.34065934065933,1,1,2
2777997,nu6,91,236,145,159.34065934065933,1,1,2
2778331,nu6,91,236,145,159.34065934065933,1,1,2
2779047,nu6,91,311,220,241.75824175824175,2,2,3
2780514,nu6,91,236,145,159.34065934065933,1,1,2
2781619,nu6,91,236,145,159.34065934065933,1,1,2
2782516,nu6,91,236,145,159.34065934065933,1,1,2
2782874,nu6,91,391,300,329.67032967032964,2,4,3
2785140,nu6,91,1106,1015,1115.3846153846152,2,21,4
2786530,nu6,91,236,145,159.34065934065933,1,1,2
2787487,nu6,448,983,535,119.41964285714286,3,9,4
2788153,nu6,91,236,145,159.34065934065933,1,1,2
2789658,nu6,91,236,145,159.34065934065933,1,1,2
2789703,nu6,91,236,145,159.34065934065933,1,1,2
2794113,nu6,91,236,145,159.34065934065933,1,1,2
2794438,nu6,91,236,145,159.34065934065933,1,1,2
2795021,nu6,91,236,145,159.34065934065933,1,1,2
2798023,nu6,91,236,145,159.34065934065933,1,1,2
2798153,nu6,91,236,145,159.34065934065933,1,1,2
2800834,nu6,91,236,145,159.34065934065933,1,1,2
2800944,nu6,91,236,145,159.34065934065933,1,1,2
2801288,nu6,91,236,145,159.34065934065933,1,1,2
2806501,nu6,845,1097,252,29.82248520710059,3,2,4
2807258,nu6,91,236,145,159.34065934065933,1,1,2
2808576,nu6,91,236,145,159.34065934065933,1,1,2
2810283,nu6,91,236,145,159.34065934065933,1,1,2
2812420,nu6,91,540,449,493.4065934065934,3,6,5
2815998,nu6,448,1670,1222,272.76785714285717,6,22,9
2816395,nu6,91,236,145,159.34065934065933,1,1,2
2816708,nu6,448,1302,854,190.625,3,17,4
2817009,nu6,91,236,145,159.34065934065933,1,1,2
2817500,nu6,91,236,145,159.34065934065933,1,1,2
2820335,nu6,91,311,220,241.75824175824175,2,2,3
2820360,nu6,91,236,145,159.34065934065933,1,1,2
2820768,nu6,1162,2874,1712,147.33218588640275,10,8,39
2821930,nu6,91,346,255,280.2197802197802,2,2,4
2823253,nu6,732,877,145,19.808743169398905,2,1,2
2824297,nu6,414,1400,986,238.16425120772945,3,12,14
2829426,nu6,91,236,145,159.34065934065933,1,1,2
2831117,nu6,964,2289,1325,137.448132780083,5,9,28
2832021,nu6,9670,9815,145,1.499482936918304,2,1,2
2834826,nu6,91,236,145,159.34065934065933,1,1,2
2836518,nu6,91,419,328,360.43956043956047,3,3,5
2836998,nu6,91,236,145,159.34065934065933,1,1,2
2842692,nu6,91,236,145,159.34065934065933,1,1,2
2843668,nu6,91,236,145,159.34065934065933,1,1,2
2844530,nu6,91,236,145,159.34065934065933,1,1,2
2845117,nu6,91,1311,1220,1340.6593406593406,2,27,3
2846783,nu6,91,236,145,159.34065934065933,1,1,2
2851857,nu6,91,236,145,159.34065934065933,1,1,2
2853776,nu6,91,236,145,159.34065934065933,1,1,2
2854958,nu6,91,236,145,159.34065934065933,1,1,2
2856116,nu6,91,346,255,280.2197802197802,2,2,4
2864417,nu6,91,236,145,159.34065934065933,1,1,2
2865482,nu6,91,236,145,159.34065934065933,1,1,2
2866663,nu6,91,236,145,159.34065934065933,1,1,2
2866742,nu6,91,384,293,321.978021978022,2,3,4
2867249,nu6,771,1180,409,53.047989623865114,5,5,5
2869277,nu6,91,9796,9705,10664.835164835165,6,233,8
2869475,nu6,91,236,145,159.34065934065933,1,1,2
2869902,nu6,91,236,145,159.34065934065933,1,1,2
2870617,nu6,91,453,362,397.80219780219784,3,3,6
2872016,nu6,91,236,145,159.34065934065933,1,1,2
2873527,nu6,448,593,145,32.36607142857143,2,1,2
2875061,nu6,91,236,145,159.34065934065933,1,1,2
2876088,nu6,1092,1317,225,20.604395604395602,4,3,2
2878108,nu6,91,236,145,159.34065934065933,1,1,2
2878378,nu6,766,1054,288,37.59791122715404,3,2,5
2881001,nu6,91,311,220,241.75824175824175,2,2,3
2881685,nu6,737,1107,370,50.20352781546812,4,4,5
2883251,nu6,91,236,145,159.34065934065933,1,1,2
2884796,nu6,91,236,145,159.34065934065933,1,1,2
2890314,nu6,91,421,330,362.6373626373626,3,3,5
2890319,nu6,91,793,702,771.4285714285714,5,8,10
2892173,nu6,91,236,145,159.34065934065933,1,1,2
2894909,nu6,378,643,265,70.1058201058201,2,4,2
2895723,nu6,91,2314,2223,2442.8571428571427,2,51,4
2896200,nu6,91,236,145,159.34065934065933,1,1,2
2896775,nu6,91,236,145,159.34065934065933,1,1,2
2899799,nu6,91,597,506,556.043956043956,3,5,8
2901464,nu6,91,236,145,159.34065934065933,1,1,2
2901585,nu6,448,665,217,48.4375,2,2,3
2901982,nu6,91,236,145,159.34065934065933,1,1,2
2904331,nu6,91,425,334,367.032967032967,2,4,4
2904966,nu6,91,310,219,240.65934065934064,2,2,3
2905038,nu6,91,345,254,279.1208791208791,2,2,4
2906380,nu6,91,236,145,159.34065934065933,1,1,2
2908692,nu6,91,236,145,159.34065934065933,1,1,2
2909460,nu6,91,533,442,485.71428571428567,3,5,6
2911714,nu6,91,236,145,159.34065934065933,1,1,2
2911777,nu6,522,776,254,48.65900383141762,3,2,4
2915812,nu6,414,1003,589,142.2705314009662,4,6,9
2916557,nu6,1197,1484,287,23.976608187134502,4,2,5
2916575,nu6,414,594,180,43.47826086956522,2,1,3
2917963,nu6,91,1313,1222,1342.857142857143,5,5,29
2919252,nu6,91,236,145,159.34065934065933,1,1,2
2920152,nu6,91,236,145,159.34065934065933,1,1,2
2922075,nu6,91,236,145,159.34065934065933,1,1,2
2924487,nu6,91,236,145,159.34065934065933,1,1,2
2925173,nu6,91,236,145,159.34065934065933,1,1,2
2926294,nu6,91,236,145,159.34065934065933,1,1,2
2928804,nu6,91,311,220,241.75824175824175,2,2,3
2929454,nu6,91,873,782,859.3406593406593,3,5,16
2930471,nu6,91,236,145,159.34065934065933,1,1,2
2934373,nu6,448,708,260,58.03571428571429,3,3,3
2934560,nu6,91,236,145,159.34065934065933,1,1,2
2935992,nu6,448,809,361,80.58035714285714,4,3,6
2936210,nu6,91,236,145,159.34065934065933,1,1,2
2936964,nu6,91,236,145,159.34065934065933,1,1,2
2937439,nu6,1361,1964,603,44.305657604702425,5,9,6
2937739,nu6,1123,1302,179,15.939447907390916,3,1,3
2939772,nu6,91,236,145,159.34065934065933,1,1,2
2941001,nu6,91,236,145,159.34065934065933,1,1,2
2941902,nu6,91,386,295,324.1758241758242,2,3,4
2942049,nu6,91,236,145,159.34065934065933,1,1,2
2945731,nu6,735,1218,483,65.71428571428571,5,6,6
2945980,nu6,572,945,373,65.20979020979021,3,5,4
2948375,nu6,91,236,145,159.34065934065933,1,1,2
2948859,nu6,91,236,145,159.34065934065933,1,1,2
2949562,nu6,91,419,328,360.43956043956047,3,3,5
2950997,nu6,91,422,331,363.7362637362637,2,2,5
2952532,nu6,1123,1381,258,22.974176313446126,4,3,3
2956129,nu6,607,752,145,23.88797364085667,2,1,2
2956896,nu6,1092,3136,2044,187.17948717948718,6,45,6
2958771,nu6,91,236,145,159.34065934065933,1,1,2
2959505,nu6,805,985,180,22.36024844720497,3,1,3
2959639,nu6,91,236,145,159.34065934065933,1,1,2
2962853,nu6,91,236,145,159.34065934065933,1,1,2
2963163,nu6,91,421,330,362.6373626373626,2,4,4
2963656,nu6,91,236,145,159.34065934065933,1,1,2
2964057,nu6,91,236,145,159.34065934065933,1,1,2
2966148,nu6,91,494,403,442.8571428571429,3,4,6
2968916,nu6,91,236,145,159.34065934065933,1,1,2
2969068,nu6,91,236,145,159.34065934065933,1,1,2
2969497,nu6,91,236,145,159.34065934065933,1,1,2
2976474,nu6,91,236,145,159.34065934065933,1,1,2
2976688,nu6,91,236,145,159.34065934065933,1,1,2
2977120,nu6,448,5066,4618,1030.8035714285713,5,89,30
2979674,nu6,91,236,145,159.34065934065933,1,1,2
2986464,nu6,91,236,145,159.34065934065933,1,1,2
2987664,nu6,378,750,372,98.4126984126984,3,5,4
2989019,nu6,91,651,560,615.3846153846155,4,7,7
2989486,nu6,91,236,145,159.34065934065933,1,1,2
2991054,nu6,91,236,145,159.34065934065933,1,1,2
2994125,nu6,805,1225,420,52.17391304347826,3,7,3
2995538,nu6,91,236,145,159.34065934065933,1,1,2
2996482,nu6,91,236,145,159.34065934065933,1,1,2
2996489,nu6,91,236,145,159.34065934065933,1,1,2
2997714,nu6,91,236,145,159.34065934065933,1,1,2
2998338,nu6,91,236,145,159.34065934065933,1,1,2
3003547,nu6,607,1082,475,78.25370675453048,4,5,6
3005305,nu6,91,236,145,159.34065934065933,1,1,2
3005427,nu6,91,236,145,159.34065934065933,1,1,2
3005913,nu6,91,383,292,320.8791208791209,2,3,4
3006174,nu6,91,236,145,159.34065934065933,1,1,2
3007993,nu6,1014,1159,145,14.299802761341224,2,1,2
3010185,nu6,91,311,220,241.75824175824175,2,2,3
3012772,nu6,91,832,741,814.2857142857142,3,4,16
3013052,nu6,1162,1347,185,15.920826161790016,4,2,2
3014388,nu6,91,236,145,159.34065934065933,1,1,2
3016645,nu6,91,236,145,159.34065934065933,1,1,2
3017190,nu6,448,1193,745,166.29464285714286,2,16,2
3017344,nu6,91,236,145,159.34065934065933,1,1,2
3019108,nu6,91,236,145,159.34065934065933,1,1,2
3020193,nu6,91,236,145,159.34065934065933,1,1,2
3022596,nu6,766,911,145,18.929503916449086,2,1,2
3023377,nu6,91,236,145,159.34065934065933,1,1,2
3023764,nu6,766,951,185,24.151436031331595,2,2,2
3025430,nu6,91,236,145,159.34065934065933,1,1,2
3025481,nu6,91,236,145,159.34065934065933,1,1,2
3026125,nu6,91,236,145,159.34065934065933,1,1,2
3027442,nu6,91,236,145,159.34065934065933,1,1,2
3030159,nu6,773,1211,438,56.66235446313066,4,4,7
3034476,nu6,448,628,180,40.17857142857143,2,1,3
3035313,nu6,378,1803,1425,376.984126984127,2,33,2
3036048,nu6,91,310,219,240.65934065934064,2,2,3
3036171,nu6,1084,1229,145,13.376383763837637,2,1,2
3037052,nu6,1923,2590,667,34.68538741549662,7,8,9
3037439,nu6,925,1070,145,15.675675675675677,2,1,2
3038188,nu6,91,236,145,159.34065934065933,1,1,2
3040254,nu6,91,236,145,159.34065934065933,1,1,2
3042824,nu6,91,236,145,159.34065934065933,1,1,2
3042928,nu6,1243,1462,219,17.61866452131939,3,2,3
3042954,nu6,91,236,145,159.34065934065933,1,1,2
3042996,nu6,91,417,326,358.24175824175825,3,3,5
3043036,nu6,5455,5635,180,3.2997250229147568,4,1,3
3043303,nu6,91,236,145,159.34065934065933,1,1,2
3043350,nu6,448,593,145,32.36607142857143,2,1,2
3043695,nu6,1123,1341,218,19.412288512911843,3,2,3
3043756,nu6,448,593,145,32.36607142857143,2,1,2
3043763,nu6,91,431,340,373.6263736263736,2,5,3
3043843,nu6,91,236,145,159.34065934065933,1,1,2
3044026,nu6,91,236,145,159.34065934065933,1,1,2
3044233,nu6,448,708,260,58.03571428571429,3,3,3
3044372,nu6,881,1096,215,24.404086265607265,3,1,4
3044416,nu6,91,236,145,159.34065934065933,1,1,2
3044462,nu6,91,386,295,324.1758241758242,2,3,4
3044491,nu6,91,236,145,159.34065934065933,1,1,2
3044589,nu6,91,236,145,159.34065934065933,1,1,2
3044666,nu6,91,236,145,159.34065934065933,1,1,2
3044783,nu6,91,1770,1679,1845.054945054945,3,4,44
3044795,nu6,91,236,145,159.34065934065933,1,1,2
3045090,nu6,91,236,145,159.34065934065933,1,1,2
3045189,nu6,766,1360,594,77.54569190600522,5,8,7
3045289,nu6,91,760,669,735.1648351648352,5,8,9
3045433,nu6,91,511,420,461.5384615384615,2,7,3
3045465,nu6,91,310,219,240.65934065934064,2,2,3
3045609,nu6,1123,1531,408,36.33125556544969,5,5,5
3045705,nu6,91,236,145,159.34065934065933,1,1,2
3045720,nu6,91,236,145,159.34065934065933,1,1,2
3045727,nu6,448,781,333,74.33035714285714,3,4,4
3045792,nu6,91,236,145,159.34065934065933,1,1,2
3045821,nu6,91,236,145,159.34065934065933,1,1,2
3045861,nu6,91,236,145,159.34065934065933,1,1,2
3046043,nu6,91,236,145,159.34065934065933,1,1,2
3046407,nu6,448,593,145,32.36607142857143,2,1,2
3046744,nu6,91,236,145,159.34065934065933,1,1,2
3046822,nu6,766,945,179,23.368146214099216,2,1,3
3046979,nu6,91,236,145,159.34065934065933,1,1,2
3046995,nu6,378,683,305,80.68783068783068,2,5,2
3047163,nu6,91,236,145,159.34065934065933,1,1,2
3047172,nu6,1689,3143,1454,86.08644168146833,5,32,4
3047183,nu6,91,236,145,159.34065934065933,1,1,2
3047237,nu6,91,236,145,159.34065934065933,1,1,2
3047334,nu6,1402,1734,332,23.680456490727533,3,4,4
3047422,nu6,91,236,145,159.34065934065933,1,1,2
3047451,nu6,91,236,145,159.34065934065933,1,1,2
3047497,nu6,414,1124,710,171.49758454106282,6,10,8
3047509,nu6,91,350,259,284.61538461538464,2,3,3
3047555,nu6,91,236,145,159.34065934065933,1,1,2
3047615,nu6,766,911,145,18.929503916449086,2,1,2
3047762,nu6,91,236,145,159.34065934065933,1,1,2
3047765,nu6,91,236,145,159.34065934065933,1,1,2
3047936,nu6,448,593,145,32.36607142857143,2,1,2
3047980,nu6,91,236,145,159.34065934065933,1,1,2
3047983,nu6,91,236,145,159.34065934065933,1,1,2
3048043,nu6,91,236,145,159.34065934065933,1,1,2
3048054,nu6,448,628,180,40.17857142857143,2,1,3
3048280,nu6,91,236,145,159.34065934065933,1,1,2
3048391,nu6,91,236,145,159.34065934065933,1,1,2
3048493,nu6,91,236,145,159.34065934065933,1,1,2
3048532,nu6,91,236,145,159.34065934065933,1,1,2
3048561,nu6,91,236,145,159.34065934065933,1,1,2
3048667,nu6,448,777,329,73.4375,3,3,5
3048816,nu6,91,236,145,159.34065934065933,1,1,2
3048982,nu6,91,346,255,280.2197802197802,2,2,4
3049180,nu6,91,236,145,159.34065934065933,1,1,2
3049187,nu6,448,593,145,32.36607142857143,2,1,2
3049223,nu6,91,470,379,416.4835164835165,2,6,3
3049320,nu6,448,627,179,39.955357142857146,2,1,3
3049458,nu6,91,236,145,159.34065934065933,1,1,2
3049473,nu6,771,1093,322,41.76394293125811,4,2,6
3049548,nu6,91,236,145,159.34065934065933,1,1,2
3049679,nu6,91,236,145,159.34065934065933,1,1,2
3049710,nu6,607,2254,1647,271.334431630972,3,2,45
3049734,nu6,91,236,145,159.34065934065933,1,1,2
3049885,nu6,414,703,289,69.80676328502415,3,2,5
3049890,nu6,91,236,145,159.34065934065933,1,1,2
3049900,nu6,414,594,180,43.47826086956522,2,1,3
3049960,nu6,91,236,145,159.34065934065933,1,1,2
3049967,nu6,766,2391,1625,212.14099216710184,5,32,9
3050104,nu6,91,342,251,275.8241758241758,2,2,4
3050153,nu6,91,236,145,159.34065934065933,1,1,2
3050244,nu6,91,236,145,159.34065934065933,1,1,2
3050418,nu6,91,1591,1500,1648.3516483516482,5,28,10
3050448,nu6,91,236,145,159.34065934065933,1,1,2
3050569,nu6,448,628,180,40.17857142857143,2,1,3
3050625,nu6,91,236,145,159.34065934065933,1,1,2
3050637,nu6,91,311,220,241.75824175824175,2,2,3
3050690,nu6,1123,1492,369,32.85841495992876,4,4,5
3050772,nu6,737,882,145,19.674355495251017,3,1,2
3050837,nu6,91,236,145,159.34065934065933,1,1,2
3050896,nu6,732,912,180,24.59016393442623,2,1,3
3051110,nu6,91,236,145,159.34065934065933,1,1,2
3051159,nu6,91,236,145,159.34065934065933,1,1,2
3051319,nu6,91,495,404,443.95604395604397,4,4,6
3051403,nu6,91,236,145,159.34065934065933,1,1,2
3051441,nu6,91,236,145,159.34065934065933,1,1,2
3051808,nu6,771,951,180,23.346303501945524,3,1,3
3051922,nu6,91,350,259,284.61538461538464,2,3,3
3051946,nu6,925,1179,254,27.459459459459463,3,2,4
3051999,nu6,91,236,145,159.34065934065933,1,1,2
3052024,nu6,91,236,145,159.34065934065933,1,1,2
3052077,nu6,805,1064,259,32.17391304347826,4,3,3
3052152,nu6,1538,2964,1426,92.71781534460338,11,25,11
3052440,nu6,1441,1771,330,22.900763358778626,4,4,4
3052467,nu6,91,350,259,284.61538461538464,2,3,3
3052514,nu6,91,236,145,159.34065934065933,1,1,2
3052587,nu6,91,659,568,624.1758241758242,3,9,5
3052595,nu6,91,236,145,159.34065934065933,1,1,2
3052758,nu6,607,752,145,23.88797364085667,2,1,2
3052825,nu6,91,236,145,159.34065934065933,1,1,2
3052845,nu6,91,236,145,159.34065934065933,1,1,2
3052861,nu6,448,593,145,32.36607142857143,2,1,2
3052864,nu6,91,236,145,159.34065934065933,1,1,2
3052869,nu6,91,236,145,159.34065934065933,1,1,2
3052946,nu6,607,1160,553,91.10378912685337,4,7,7
3052990,nu6,414,668,254,61.35265700483091,3,2,4
3053131,nu6,91,236,145,159.34065934065933,1,1,2
3053370,nu6,91,236,145,159.34065934065933,1,1,2
3053404,nu6,964,1149,185,19.19087136929461,3,2,2
3053561,nu6,91,236,145,159.34065934065933,1,1,2
3053576,nu6,448,876,428,95.53571428571429,3,4,7
3053602,nu6,378,598,220,58.201058201058196,2,2,3
3053732,nu6,91,236,145,159.34065934065933,1,1,2
3053922,nu6,91,236,145,159.34065934065933,1,1,2
3054065,nu6,91,236,145,159.34065934065933,1,1,2
3054168,nu6,91,236,145,159.34065934065933,1,1,2
3054445,nu6,91,236,145,159.34065934065933,1,1,2
3054455,nu6,91,346,255,280.2197802197802,2,2,4
3054571,nu6,91,236,145,159.34065934065933,1,1,2
3054837,nu6,91,236,145,159.34065934065933,1,1,2
3054877,nu6,91,236,145,159.34065934065933,1,1,2
3054944,nu6,91,236,145,159.34065934065933,1,1,2
3055002,nu6,91,236,145,159.34065934065933,1,1,2
3055070,nu6,91,236,145,159.34065934065933,1,1,2
3055089,nu6,964,1407,443,45.954356846473026,6,5,6
3055345,nu6,91,236,145,159.34065934065933,1,1,2
3055400,nu6,91,470,379,416.4835164835165,2,6,3
3055482,nu6,91,236,145,159.34065934065933,1,1,2
3055522,nu6,91,420,329,361.53846153846155,3,3,5
3055532,nu6,448,956,508,113.39285714285714,6,5,8
3055560,nu6,91,236,145,159.34065934065933,1,1,2
3055573,nu6,91,236,145,159.34065934065933,1,1,2
3055620,nu6,91,310,219,240.65934065934064,2,2,3
3055714,nu6,91,236,145,159.34065934065933,1,1,2
3055750,nu6,448,666,218,48.660714285714285,2,2,3
3055809,nu6,91,236,145,159.34065934065933,1,1,2
3056072,nu6,91,311,220,241.75824175824175,2,2,3
3056130,nu6,448,593,145,32.36607142857143,2,1,2
3056171,nu6,91,311,220,241.75824175824175,2,2,3
3056246,nu6,91,236,145,159.34065934065933,1,1,2
3056279,nu6,91,236,145,159.34065934065933,1,1,2
3056285,nu6,91,236,145,159.34065934065933,1,1,2
3056300,nu6,577,796,219,37.954939341421145,3,2,3
3056460,nu6,91,3464,3373,3706.5934065934066,4,78,6
3056733,nu6,91,236,145,159.34065934065933,1,1,2
3056772,nu6,91,344,253,278.021978021978,2,2,4
3056822,nu6,91,236,145,159.34065934065933,1,1,2
3056847,nu6,448,877,429,95.75892857142857,4,3,8
3057033,nu6,91,311,220,241.75824175824175,2,2,3
3057179,nu6,91,236,145,159.34065934065933,1,1,2
3057223,nu6,91,236,145,159.34065934065933,1,1,2
3057649,nu6,91,236,145,159.34065934065933,1,1,2
3057746,nu6,91,532,441,484.6153846153846,3,5,6
3057763,nu6,450,776,326,72.44444444444444,3,3,5
3057815,nu6,91,236,145,159.34065934065933,1,1,2
3058080,nu6,91,236,145,159.34065934065933,1,1,2
3058148,nu6,1055,1233,178,16.872037914691944,3,1,3
3058173,nu6,378,2203,1825,482.8042328042328,2,43,2
3058394,nu6,448,633,185,41.294642857142854,2,2,2
3058557,nu6,91,385,294,323.0769230769231,2,3,4
3058629,nu6,91,430,339,372.5274725274725,2,5,3
3058783,nu6,91,236,145,159.34065934065933,1,1,2
3058853,nu6,91,456,365,401.0989010989011,3,3,6
3058874,nu6,448,737,289,64.50892857142857,3,2,5
3058902,nu6,732,991,259,35.38251366120219,2,3,3
3058922,nu6,91,236,145,159.34065934065933,1,1,2
3058973,nu6,91,236,145,159.34065934065933,1,1,2
3059092,nu6,1600,1969,369,23.0625,4,4,5
3059152,nu6,91,236,145,159.34065934065933,1,1,2
3059617,nu6,91,236,145,159.34065934065933,1,1,2
3059649,nu6,91,236,145,159.34065934065933,1,1,2
3059738,nu6,414,703,289,69.80676328502415,3,2,5
3060226,nu6,1166,1827,661,56.68953687821612,9,7,10
3060447,nu6,448,738,290,64.73214285714286,3,2,5
3060551,nu6,91,236,145,159.34065934065933,1,1,2
3061076,nu6,91,350,259,284.61538461538464,2,3,3
3061528,nu6,91,236,145,159.34065934065933,1,1,2
3061734,nu6,91,390,299,328.57142857142856,2,4,3
3061920,nu6,1123,1997,874,77.82724844167409,6,14,8
3061968,nu6,91,236,145,159.34065934065933,1,1,2
3062007,nu6,91,346,255,280.2197802197802,2,2,4
3062083,nu6,91,236,145,159.34065934065933,1,1,2
3062191,nu6,91,236,145,159.34065934065933,1,1,2
3062193,nu6,91,236,145,159.34065934065933,1,1,2
3062320,nu6,91,236,145,159.34065934065933,1,1,2
3062334,nu6,91,236,145,159.34065934065933,1,1,2
3062389,nu6,807,1135,328,40.644361833952914,4,3,5
3062393,nu6,448,776,328,73.21428571428571,4,3,5
3062400,nu6,2370,2929,559,23.58649789029536,6,8,6
3062462,nu6,91,344,253,278.021978021978,2,2,4
3062508,nu6,91,236,145,159.34065934065933,1,1,2
3062629,nu6,91,236,145,159.34065934065933,1,1,2
3062668,nu6,91,236,145,159.34065934065933,1,1,2
3063049,nu6,91,236,145,159.34065934065933,1,1,2
3063182,nu6,91,236,145,159.34065934065933,1,1,2
3063382,nu6,91,236,145,159.34065934065933,1,1,2
3063384,nu6,450,852,402,89.33333333333333,4,4,6
3063402,nu6,91,236,145,159.34065934065933,1,1,2
3063580,nu6,766,1170,404,52.74151436031331,4,4,6
3063787,nu6,448,935,487,108.70535714285714,4,6,6
3063877,nu6,91,236,145,159.34065934065933,1,1,2
3064071,nu6,414,634,220,53.14009661835749,3,2,3
3064315,nu6,91,236,145,159.34065934065933,1,1,2
3064716,nu6,91,236,145,159.34065934065933,1,1,2
3064768,nu6,91,236,145,159.34065934065933,1,1,2
3064892,nu6,91,236,145,159.34065934065933,1,1,2
3064899,nu6,91,456,365,401.0989010989011,3,3,6
3064996,nu6,771,956,185,23.994811932555123,3,2,2
3064998,nu6,448,793,345,77.00892857142857,2,6,2
3065004,nu6,91,497,406,446.1538461538462,3,5,5
3065050,nu6,91,310,219,240.65934065934064,2,2,3
3065317,nu6,448,737,289,64.50892857142857,3,2,5
3065360,nu6,91,236,145,159.34065934065933,1,1,2
3065501,nu6,91,236,145,159.34065934065933,1,1,2
3065683,nu6,448,593,145,32.36607142857143,2,1,2
3065745,nu6,448,814,366,81.69642857142857,3,4,5
3065848,nu6,91,311,220,241.75824175824175,2,2,3
3065853,nu6,448,1425,977,218.08035714285717,7,15,10
3065912,nu6,91,236,145,159.34065934065933,1,1,2
3065961,nu6,1282,1497,215,16.770670826833072,3,1,4
3066067,nu6,450,595,145,32.22222222222222,2,1,2
3066079,nu6,91,236,145,159.34065934065933,1,1,2
3066348,nu6,91,236,145,159.34065934065933,1,1,2
3066597,nu6,91,536,445,489.0109890109891,4,5,6
3066605,nu6,766,1060,294,38.38120104438642,3,3,4
3066629,nu6,91,236,145,159.34065934065933,1,1,2
3066713,nu6,450,629,179,39.77777777777778,2,1,3
3066987,nu6,91,236,145,159.34065934065933,1,1,2
3066999,nu6,771,1695,924,119.8443579766537,9,11,13
3067031,nu6,378,637,259,68.51851851851852,3,3,3
3067077,nu6,91,236,145,159.34065934065933,1,1,2
3067088,nu6,91,463,372,408.79120879120876,2,5,4
3067111,nu6,930,1075,145,15.591397849462366,3,1,2
3067186,nu6,1480,2502,1022,69.05405405405406,14,11,16
3067257,nu6,91,236,145,159.34065934065933,1,1,2
3067327,nu6,91,463,372,408.79120879120876,2,5,4
3067332,nu6,91,310,219,240.65934065934064,2,2,3
3067383,nu6,378,2690,2312,611.6402116402116,3,39,21
3067473,nu6,91,236,145,159.34065934065933,1,1,2
3067515,nu6,91,236,145,159.34065934065933,1,1,2
3067537,nu6,91,236,145,159.34065934065933,1,1,2
3067553,nu6,1282,1575,293,22.85491419656786,4,3,4
3067678,nu6,91,310,219,240.65934065934064,2,2,3
3067796,nu6,91,420,329,361.53846153846155,3,3,5
3067799,nu6,805,1018,213,26.459627329192546,3,1,4
3067894,nu6,91,236,145,159.34065934065933,1,1,2
3067965,nu6,91,236,145,159.34065934065933,1,1,2
3067966,nu6,964,1290,326,33.81742738589212,4,3,5
3067990,nu6,448,633,185,41.294642857142854,2,2,2
3068087,nu6,91,236,145,159.34065934065933,1,1,2
3068262,nu6,448,633,185,41.294642857142854,2,2,2
3068461,nu6,91,236,145,159.34065934065933,1,1,2
3068523,nu6,607,826,219,36.07907742998353,3,2,3
3068596,nu6,91,236,145,159.34065934065933,1,1,2
3068625,nu6,448,593,145,32.36607142857143,2,1,2
3068631,nu6,378,2083,1705,451.058201058201,2,40,2
3068647,nu6,1162,1382,220,18.9328743545611,4,2,3
3068812,nu6,91,382,291,319.7802197802198,2,3,4
3068814,nu6,378,1723,1345,355.8201058201058,2,31,2
3069111,nu6,91,404,313,343.95604395604397,2,2,5
3069176,nu6,2199,5771,3572,162.43747157799,13,75,14
3069203,nu6,1088,1638,550,50.55147058823529,6,6,8
3069388,nu6,91,310,219,240.65934065934064,2,2,3
3069396,nu6,91,236,145,159.34065934065933,1,1,2
3069409,nu6,91,236,145,159.34065934065933,1,1,2
3069449,nu6,91,420,329,361.53846153846155,3,3,5
3069496,nu6,91,236,145,159.34065934065933,1,1,2
3069528,nu6,448,633,185,41.294642857142854,2,2,2
3069600,nu6,91,236,145,159.34065934065933,1,1,2
3069682,nu6,417,820,403,96.64268585131894,4,4,6
3069773,nu6,91,236,145,159.34065934065933,1,1,2
3069787,nu6,805,1397,592,73.54037267080746,6,6,8
3069960,nu6,665,2524,1859,279.54887218045116,7,37,10
3069974,nu6,91,236,145,159.34065934065933,1,1,2
3070232,nu6,91,236,145,159.34065934065933,1,1,2
3070327,nu6,91,456,365,401.0989010989011,3,3,6
3070396,nu6,91,236,145,159.34065934065933,1,1,2
3070447,nu6,378,1843,1465,387.56613756613757,2,34,2
3070553,nu6,91,236,145,159.34065934065933,1,1,2
3070563,nu6,1986,2491,505,25.42799597180262,9,4,9
3070647,nu6,91,236,145,159.34065934065933,1,1,2
3070669,nu6,1084,1229,145,13.376383763837637,2,1,2
3070770,nu6,414,633,219,52.89855072463768,3,2,3
3070832,nu6,91,236,145,159.34065934065933,1,1,2
3070897,nu6,91,344,253,278.021978021978,2,2,4
3070930,nu6,91,236,145,159.34065934065933,1,1,2
3071001,nu6,91,311,220,241.75824175824175,2,2,3
3071062,nu6,91,236,145,159.34065934065933,1,1,2
3071091,nu6,448,753,305,68.08035714285714,2,5,2
3071112,nu6,91,236,145,159.34065934065933,1,1,2
3071352,nu6,91,344,253,278.021978021978,2,2,4
3071477,nu6,766,946,180,23.49869451697128,2,1,3
3071514,nu6,450,2343,1893,420.6666666666667,4,3,51
3071526,nu6,91,310,219,240.65934065934064,2,2,3
3071733,nu6,91,383,292,320.8791208791209,2,3,4
3071843,nu6,448,703,255,56.91964285714286,3,2,4
3071889,nu6,91,236,145,159.34065934065933,1,1,2
3072025,nu6,91,236,145,159.34065934065933,1,1,2
3072043,nu6,91,236,145,159.34065934065933,1,1,2
3072056,nu6,91,503,412,452.74725274725273,2,6,4
3072436,nu6,91,236,145,159.34065934065933,1,1,2
3072549,nu6,91,236,145,159.34065934065933,1,1,2
3072599,nu6,448,667,219,48.88392857142857,3,2,3
3072651,nu6,91,236,145,159.34065934065933,1,1,2
3073074,nu6,91,236,145,159.34065934065933,1,1,2
3073166,nu6,91,236,145,159.34065934065933,1,1,2
3073354,nu6,448,1811,1363,304.24107142857144,4,12,25
3073393,nu6,91,236,145,159.34065934065933,1,1,2
3073473,nu6,91,236,145,159.34065934065933,1,1,2
3073524,nu6,448,593,145,32.36607142857143,2,1,2
3073548,nu6,91,236,145,159.34065934065933,1,1,2
3074121,nu6,91,236,145,159.34065934065933,1,1,2
3074352,nu6,91,382,291,319.7802197802198,2,3,4
3074406,nu6,607,826,219,36.07907742998353,3,2,3
3074434,nu6,91,236,145,159.34065934065933,1,1,2
3074494,nu6,91,1254,1163,1278.0219780219782,5,23,6
3074500,nu6,91,236,145,159.34065934065933,1,1,2
3074717,nu6,91,236,145,159.34065934065933,1,1,2
3074746,nu6,91,236,145,159.34065934065933,1,1,2
3074767,nu6,1202,1603,401,33.36106489184692,6,4,6
3074950,nu6,91,236,145,159.34065934065933,1,1,2
3074983,nu6,91,236,145,159.34065934065933,1,1,2
3074986,nu6,378,894,516,136.5079365079365,6,6,7
3075044,nu6,91,236,145,159.34065934065933,1,1,2
3075093,nu6,378,563,185,48.94179894179894,2,2,2
3075159,nu6,91,236,145,159.34065934065933,1,1,2
3075169,nu6,91,236,145,159.34065934065933,1,1,2
3075393,nu6,91,382,291,319.7802197802198,2,3,4
3075396,nu6,254,439,185,72.83464566929135,2,2,2
3075602,nu6,91,236,145,159.34065934065933,1,1,2
3075698,nu6,378,1633,1255,332.010582010582,3,27,4
3075768,nu6,805,1131,326,40.49689440993789,3,3,5
3075826,nu6,766,4551,3785,494.1253263707572,2,92,2
3075891,nu6,91,236,145,159.34065934065933,1,1,2
3075957,nu6,91,236,145,159.34065934065933,1,1,2
3075972,nu6,91,236,145,159.34065934065933,1,1,2
3076037,nu6,91,343,252,276.9230769230769,2,2,4
3076347,nu6,2194,3154,960,43.75569735642662,12,11,14
3076658,nu6,414,815,401,96.85990338164251,4,4,6
3076748,nu6,91,236,145,159.34065934065933,1,1,2
3076804,nu6,91,346,255,280.2197802197802,2,2,4
3076811,nu6,91,236,145,159.34065934065933,1,1,2
3076918,nu6,91,236,145,159.34065934065933,1,1,2
3076947,nu6,91,236,145,159.34065934065933,1,1,2
3076965,nu6,448,1145,697,155.58035714285714,3,2,17
3077116,nu6,448,1223,775,172.99107142857142,7,9,11
3077136,nu6,91,343,252,276.9230769230769,2,2,4
3077182,nu6,91,985,894,982.4175824175825,6,12,11
3077277,nu6,929,1410,481,51.77610333692142,5,6,6
3077288,nu6,770,1572,802,104.15584415584416,8,8,13
3077427,nu6,448,627,179,39.955357142857146,2,1,3
3077532,nu6,91,645,554,608.7912087912088,4,6,8
3077652,nu6,91,660,569,625.2747252747253,4,9,5
3077712,nu6,91,566,475,521.978021978022,4,4,8
3077812,nu6,91,236,145,159.34065934065933,1,1,2
3077929,nu6,91,310,219,240.65934065934064,2,2,3
3077954,nu6,773,1137,364,47.089262613195345,5,3,6
3078000,nu6,91,236,145,159.34065934065933,1,1,2
3078008,nu6,766,911,145,18.929503916449086,2,1,2
3078159,nu6,448,740,292,65.17857142857143,3,3,4
3078201,nu6,91,236,145,159.34065934065933,1,1,2
3078278,nu6,91,236,145,159.34065934065933,1,1,2
3078333,nu6,1480,1950,470,31.756756756756754,6,4,8
3078505,nu6,414,743,329,79.46859903381642,4,3,5
3078540,nu6,91,236,145,159.34065934065933,1,1,2
3078551,nu6,91,615,524,575.8241758241758,4,7,6
3078596,nu6,91,236,145,159.34065934065933,1,1,2
3078708,nu6,448,842,394,87.94642857142857,4,3,7
3078764,nu6,91,311,220,241.75824175824175,2,2,3
3078789,nu6,91,236,145,159.34065934065933,1,1,2
3078811,nu6,91,236,145,159.34065934065933,1,1,2
3078815,nu6,91,236,145,159.34065934065933,1,1,2
3078938,nu6,91,673,582,639.5604395604396,5,5,10
3079042,nu6,766,1731,965,125.97911227154046,9,9,17
3079072,nu6,448,633,185,41.294642857142854,2,2,2
3079184,nu6,1321,1700,379,28.690386071158215,5,6,3
3079288,nu6,91,236,145,159.34065934065933,1,1,2
3079439,nu6,91,766,675,741.7582417582418,4,10,7
3079448,nu6,91,343,252,276.9230769230769,2,2,4
3079524,nu6,1024,2712,1688,164.84375,6,37,5
3079591,nu6,91,236,145,159.34065934065933,1,1,2
3079706,nu6,91,310,219,240.65934065934064,2,2,3
3079800,nu6,91,236,145,159.34065934065933,1,1,2
3080139,nu6,378,563,185,48.94179894179894,2,2,2
3080321,nu6,91,236,145,159.34065934065933,1,1,2
3080347,nu6,91,236,145,159.34065934065933,1,1,2
3080515,nu6,91,236,145,159.34065934065933,1,1,2
3080573,nu6,91,466,375,412.08791208791206,2,5,4
3080767,nu6,1247,1465,218,17.48195669607057,3,2,3
3080830,nu6,91,236,145,159.34065934065933,1,1,2
3080850,nu6,448,1355,907,202.45535714285717,5,14,9
3080878,nu6,522,851,329,63.02681992337165,3,3,5
3080892,nu6,91,685,594,652.7472527472528,5,7,8
3080934,nu6,91,310,219,240.65934065934064,2,2,3
3080958,nu6,414,594,180,43.47826086956522,2,1,3
3080987,nu6,766,1323,557,72.71540469973891,5,7,7
3081017,nu6,91,236,145,159.34065934065933,1,1,2
3081111,nu6,91,236,145,159.34065934065933,1,1,2
3081183,nu6,91,236,145,159.34065934065933,1,1,2
3081304,nu6,766,1061,295,38.51174934725849,3,3,4
3081369,nu6,91,236,145,159.34065934065933,1,1,2
3081433,nu6,805,1167,362,44.96894409937888,4,3,6
3081475,nu6,91,7723,7632,8386.813186813188,4,183,8
3081526,nu6,91,345,254,279.1208791208791,2,2,4
3081575,nu6,91,236,145,159.34065934065933,1,1,2
3081633,nu6,254,472,218,85.8267716535433,2,2,3
3081672,nu6,737,2624,1887,256.0379918588874,4,41,6
3081756,nu6,91,346,255,280.2197802197802,2,2,4
3081769,nu6,91,236,145,159.34065934065933,1,1,2
3081814,nu6,448,627,179,39.955357142857146,2,1,3
3081853,nu6,1243,2078,835,67.17618664521319,5,14,7
3081855,nu6,448,1001,553,123.4375,5,6,8
3081956,nu6,607,1043,436,71.82866556836903,5,4,7
3081983,nu6,929,1485,556,59.84930032292788,6,7,7
3082188,nu6,91,236,145,159.34065934065933,1,1,2
3082305,nu6,1212,2997,1785,147.27722772277227,3,42,2
3082362,nu6,91,236,145,159.34065934065933,1,1,2
3082378,nu6,766,1057,291,37.989556135770236,3,3,4
3082568,nu6,91,783,692,760.4395604395604,3,12,5
3082634,nu6,414,559,145,35.02415458937198,2,1,2
3082763,nu6,91,343,252,276.9230769230769,2,2,4
3082821,nu6,378,782,404,106.87830687830689,4,4,6
3082861,nu6,766,1213,447,58.35509138381201,4,6,5
3083148,nu6,1212,3222,2010,165.84158415841583,9,39,12
3083180,nu6,91,5084,4993,5486.813186813187,2,120,4
3083238,nu6,91,236,145,159.34065934065933,1,1,2
3083244,nu6,91,491,400,439.5604395604396,3,4,6
3083260,nu6,805,1287,482,59.87577639751552,6,6,6
3083391,nu6,91,351,260,285.7142857142857,2,3,3
3083501,nu6,91,385,294,323.0769230769231,2,3,4
3083582,nu6,448,748,300,66.96428571428571,3,4,3
3083841,nu6,91,236,145,159.34065934065933,1,1,2
3083868,nu6,91,236,145,159.34065934065933,1,1,2
3083928,nu6,1639,3682,2043,124.64917632702867,10,38,14
3084205,nu6,805,1229,424,52.670807453416145,5,3,8
3084251,nu6,91,717,626,687.9120879120879,6,7,9
3084577,nu6,91,236,145,159.34065934065933,1,1,2
3084737,nu6,91,1553,1462,1606.5934065934066,11,15,24
3084790,nu6,1128,2881,1753,155.4078014184397,12,29,16
3084848,nu6,4459,4799,340,7.625028033191299,7,5,3
3084899,nu6,91,500,409,449.45054945054943,3,5,5
3084929,nu6,91,667,576,632.967032967033,5,5,9
3084944,nu6,1253,3816,2563,204.5490822027135,12,48,17
3084945,nu6,4795,21401,16606,346.31908237747655,42,333,89
3085017,nu6,448,1076,628,140.17857142857142,6,7,9
3085419,nu6,4425,7034,2609,58.96045197740113,25,34,35
3085421,nu6,91,454,363,398.9010989010989,3,3,6
3085424,nu6,1957,3207,1250,63.87327542156361,11,20,12
3085512,nu6,1123,1671,548,48.79786286731968,7,6,8
3085674,nu6,91,236,145,159.34065934065933,1,1,2
3085759,nu6,91,236,145,159.34065934065933,1,1,2
3085837,nu6,448,996,548,122.32142857142858,6,5,9
3085926,nu6,735,2664,1929,262.44897959183675,5,43,5
3085978,nu6,1600,3317,1717,107.31250000000001,5,4,45
3086072,nu6,448,628,180,40.17857142857143,2,1,3
3086123,nu6,91,1951,1860,2043.9560439560437,9,21,27
3086172,nu6,91,236,145,159.34065934065933,1,1,2
3086222,nu6,91,310,219,240.65934065934064,2,2,3
3086358,nu6,91,7727,7636,8391.208791208792,2,185,4
3086404,nu6,91,236,145,159.34065934065933,1,1,2
3086434,nu6,2874,7853,4979,173.2428670842032,29,89,39
3086452,nu6,448,856,408,91.07142857142857,4,5,5
3086640,nu6,805,1804,999,124.09937888198759,10,9,17
3086670,nu6,91,453,362,397.80219780219784,3,3,6
3086673,nu6,805,1305,500,62.11180124223602,4,9,3
3086682,nu6,805,14309,13504,1677.5155279503106,28,291,47
3086811,nu6,91,236,145,159.34065934065933,1,1,2
3086852,nu6,448,4763,4315,963.1696428571429,9,93,15
3086903,nu6,91,236,145,159.34065934065933,1,1,2
3086922,nu6,91,478,387,425.27472527472526,3,3,6
3086956,nu6,1480,1699,219,14.797297297297296,4,2,3
3086959,nu6,766,1360,594,77.54569190600522,5,8,7
3087080,nu6,1125,1856,731,64.97777777777777,7,8,11
3087134,nu6,91,236,145,159.34065934065933,1,1,2
3087379,nu6,414,941,527,127.29468599033818,4,8,5
3087429,nu6,805,1180,375,46.58385093167702,4,5,4
3087699,nu6,1600,1854,254,15.875,4,2,4
3087763,nu6,925,1670,745,80.54054054054053,6,10,9
3088220,nu6,414,20140,19726,4764.734299516908,6,476,11
3088286,nu6,91,13174,13083,14376.923076923078,6,314,9
3088372,nu6,768,1424,656,85.41666666666666,7,6,11
3088432,nu6,91,343,252,276.9230769230769,2,2,4
3088459,nu6,91,345,254,279.1208791208791,2,2,4
3088525,nu6,1600,2077,477,29.812499999999996,6,5,7
3088647,nu6,91,236,145,159.34065934065933,1,1,2
3088686,nu6,771,1191,420,54.474708171206224,3,7,3
3088699,nu6,91,345,254,279.1208791208791,2,2,4
3088753,nu6,1639,3003,1364,83.22147651006712,14,15,21
3088808,nu6,1123,2215,1092,97.23953695458593,8,17,11
3088811,nu6,91,236,145,159.34065934065933,1,1,2
3088873,nu6,91,236,145,159.34065934065933,1,1,2
3088932,nu6,1162,1666,504,43.373493975903614,7,4,9
3089019,nu6,91,236,145,159.34065934065933,1,1,2
3089155,nu6,91,421,330,362.6373626373626,3,3,5
3089217,nu6,1600,2089,489,30.562499999999996,5,7,5
3089259,nu6,1720,1900,180,10.465116279069768,2,1,3
3089306,nu6,91,236,145,159.34065934065933,1,1,2
3089582,nu6,805,3849,3044,378.1366459627329,5,70,6
3089625,nu6,3834,4834,1000,26.082420448617633,10,12,14
3089673,nu6,1089,1607,518,47.56657483930211,5,7,6
3089719,nu6,91,236,145,159.34065934065933,1,1,2
3089801,nu6,735,2474,1739,236.59863945578232,3,40,3
3089823,nu6,1639,2305,666,40.634533251982916,9,8,9
3089827,nu6,91,310,219,240.65934065934064,2,2,3
3089895,nu6,1162,9289,8127,699.3975903614457,6,196,7
3090206,nu6,91,236,145,159.34065934065933,1,1,2
3090251,nu6,448,918,470,104.91071428571428,5,4,8
3090258,nu6,1519,2035,516,33.96971691902567,7,6,7
3090340,nu6,2751,4150,1399,50.85423482370047,17,16,21
3090377,nu6,3265,4151,886,27.136294027565082,14,11,12
3090386,nu6,1282,1789,507,39.54758190327613,6,5,8
3090472,nu6,448,701,253,56.47321428571429,3,2,4
3090632,nu6,1162,1792,630,54.21686746987952,6,8,8
3090699,nu6,1600,120019,118419,7401.1875,13,2924,21
3090731,nu6,771,1210,439,56.939040207522694,5,4,7
3091005,nu6,1282,3226,1944,151.6380655226209,7,39,10
3091087,nu6,91,236,145,159.34065934065933,1,1,2
3091102,nu6,805,1656,851,105.71428571428572,9,11,11
3091154,nu6,91,566,475,521.978021978022,4,5,7
3091173,nu6,91,236,145,159.34065934065933,1,1,2
3091176,nu6,91,236,145,159.34065934065933,1,1,2
3091319,nu6,448,856,408,91.07142857142857,5,5,5
3091597,nu6,450,1215,765,170.0,4,13,6
3091616,nu6,448,783,335,74.77678571428571,4,4,4
3091722,nu6,91,236,145,159.34065934065933,1,1,2
3091779,nu6,91,236,145,159.34065934065933,1,1,2
3091939,nu6,91,553,462,507.6923076923077,3,4,7
3091984,nu6,766,1465,699,91.25326370757179,7,8,10
3092111,nu6,735,1289,554,75.37414965986395,6,7,7
3092113,nu6,805,1924,1119,139.0062111801242,10,15,14
3092155,nu6,91,236,145,159.34065934065933,1,1,2
3092193,nu6,766,911,145,18.929503916449086,2,1,2
3092465,nu6,91,426,335,368.1318681318681,3,4,4
3092577,nu6,1482,10583,9101,614.1025641025641,18,113,130
